CODGEO;CODGEO;LIBGEO;DENS;LIBDENS;PMUN21;P1;P2;P3;P4;P5;P6;P7;Département;Région;NB_F303;NB_F303_NB_SALLES;NB_F305;NB_F307;NB_F311;NB_F312;NB_F313;NB_F314;NB_F315;NB_F315_NB_SALLES;NB_D201;NB_D202;NB_D203;NB_D206;NB_D207;NB_D208;NB_D210;NB_D212;NB_D214;NB_D231;NB_D232;NB_D233;NB_D235;NB_D237;NB_D238;NB_D240;NB_D243
01004;1004;Ambérieu-en-Bugey;2;Centres urbains intermédiaires;14854;0,0;70,9;0,0;24,9;0,0;3,5;0,8;Ain;Auvergne-RhÃ´ne-Alpes;1;3;0;1;0;0;0;1;0;0;24;9;0;4;1;5;1;23;7;5;30;24;6;6;3;1;11
01033;1033;Valserhône;2;Centres urbains intermédiaires;16295;0,0;55,3;0,0;17,7;14,1;12,0;0,9;Ain;Auvergne-RhÃ´ne-Alpes;1;2;1;4;0;0;0;0;1;1;12;1;0;0;8;1;0;6;0;3;17;14;2;5;0;3;5
01143;1143;Divonne-les-Bains;4;Ceintures urbaines;10137;0,0;0,0;0,0;87,1;0,0;11,9;1,0;Ain;Auvergne-RhÃ´ne-Alpes;1;0;0;1;0;0;0;0;0;0;9;2;0;0;1;2;0;0;0;2;3;9;2;5;1;0;4
01160;1160;Ferney-Voltaire;2;Centres urbains intermédiaires;10920;0,0;71,3;0,0;28,7;0,0;0,0;0,0;Ain;Auvergne-RhÃ´ne-Alpes;1;3;1;0;1;1;1;0;0;0;9;0;0;0;0;1;0;0;1;2;6;10;2;4;0;1;17
01173;1173;Gex;2;Centres urbains intermédiaires;13078;0,0;60,7;0,0;32,3;0,0;6,5;0,5;Ain;Auvergne-RhÃ´ne-Alpes;1;0;0;1;0;0;0;0;0;0;8;0;0;0;0;0;1;0;0;0;5;6;0;5;0;3;4
01249;1249;Miribel;4;Ceintures urbaines;10225;0,0;25,4;0,0;61,9;8,0;4,4;0,3;Ain;Auvergne-RhÃ´ne-Alpes;0;0;0;1;0;0;0;0;1;2;10;0;0;0;0;0;1;0;0;3;14;9;8;4;1;7;6
01354;1354;Saint-Genis-Pouilly;2;Centres urbains intermédiaires;14558;0,0;69,2;0,0;27,0;0,0;3,4;0,3;Ain;Auvergne-RhÃ´ne-Alpes;1;0;0;1;0;0;0;0;0;0;8;1;0;1;0;1;1;6;0;7;6;6;2;3;1;3;16
02168;2168;Château-Thierry;2;Centres urbains intermédiaires;15204;0,0;83,3;0,0;14,5;0,0;2,0;0,3;Aisne;Hauts-de-France;1;4;0;1;0;1;0;0;1;0;20;3;0;10;1;3;1;12;2;3;24;12;4;7;3;1;3
02173;2173;Chauny;2;Centres urbains intermédiaires;11496;0,0;81,2;0,0;16,2;0,0;2,0;0,5;Aisne;Hauts-de-France;1;3;0;1;0;1;0;1;1;1;9;0;1;0;1;2;1;4;1;0;19;9;4;1;2;0;0
02738;2738;Tergnier;2;Centres urbains intermédiaires;13431;0,0;52,2;0,0;40,8;0,0;6,8;0,2;Aisne;Hauts-de-France;1;2;0;1;0;1;0;0;0;0;6;0;0;0;0;1;0;4;0;1;18;9;3;2;0;0;1
02810;2810;Villers-Cotterêts;2;Centres urbains intermédiaires;10454;0,0;63,0;0,0;35,8;0,0;0,5;0,7;Aisne;Hauts-de-France;1;2;0;1;0;1;0;0;0;0;8;0;0;0;2;0;0;0;0;2;8;8;3;4;1;0;2
03095;3095;Cusset;2;Centres urbains intermédiaires;12909;0,0;58,5;0,0;30,7;0,0;9,2;1,7;Allier;Auvergne-RhÃ´ne-Alpes;0;0;1;1;   ;0;0;1;2;2;12;0;0;0;0;4;0;0;0;0;24;24;0;7;0;0;2
03190;3190;Moulins;2;Centres urbains intermédiaires;19343;0,0;71,4;0,0;28,3;0,0;0,0;0,3;Allier;Auvergne-RhÃ´ne-Alpes;1;9;1;2;0;2;0;1;1;1;30;4;1;3;4;4;0;8;2;4;33;21;11;9;2;1;11
03321;3321;Yzeure;2;Centres urbains intermédiaires;12598;0,0;75,8;0,0;18,9;0,0;3,1;2,2;Allier;Auvergne-RhÃ´ne-Alpes;0;0;0;3;0;0;0;1;1;2;5;0;0;0;0;0;0;0;0;4;16;18;1;3;0;0;1
04070;4070;Digne-les-Bains;3;Petites villes;17192;0,0;35,7;0,0;51,6;0,0;10,1;2,6;Alpes-de-Haute-Provence;Provence-Alpes-CÃ´te d'Azur;2;4;1;2;1;2;0;3;0;0;22;3;1;0;2;1;1;0;1;5;66;36;8;7;2;2;14
05023;5023;Briançon;2;Centres urbains intermédiaires;10561;0,0;58,9;0,0;36,5;0,0;4,4;0,2;Hautes-Alpes;Provence-Alpes-CÃ´te d'Azur;2;1;1;1;0;0;0;1;1;2;15;0;0;0;4;0;0;4;0;3;23;51;10;4;0;5;10
06012;6012;Beausoleil;2;Centres urbains intermédiaires;12674;0,0;99,0;0,0;0,6;0,0;0,2;0,3;Alpes-Maritimes;Provence-Alpes-CÃ´te d'Azur;0;0;0;0;0;0;0;1;0;0;27;3;4;2;1;3;4;0;5;1;20;46;7;6;0;1;15
06033;6033;Carros;2;Centres urbains intermédiaires;13277;0,0;60,8;0,0;29,2;0,0;10,0;0,0;Alpes-Maritimes;Provence-Alpes-CÃ´te d'Azur;1;1;0;1;0;0;0;1;0;0;6;1;1;0;0;1;0;5;1;3;19;20;3;1;1;0;5
06084;6084;Mouans-Sartoux;2;Centres urbains intermédiaires;10531;0,0;65,7;0,0;30,2;0,0;3,9;0,3;Alpes-Maritimes;Provence-Alpes-CÃ´te d'Azur;2;6;0;1;0;1;0;0;0;0;13;3;1;0;0;1;3;2;1;4;32;25;7;2;0;3;12
06085;6085;Mougins;4;Ceintures urbaines;19677;31,5;4,1;0,0;59,7;0,0;4,4;0,3;Alpes-Maritimes;Provence-Alpes-CÃ´te d'Azur;0;0;0;2;0;0;0;1;0;0;21;5;0;4;10;5;0;8;4;2;44;48;5;5;0;0;8
06104;6104;Roquebrune-Cap-Martin;2;Centres urbains intermédiaires;12371;0,0;69,7;0,0;28,4;0,0;1,3;0,6;Alpes-Maritimes;Provence-Alpes-CÃ´te d'Azur;0;0;0;0;0;1;0;0;0;0;12;1;1;0;0;1;0;0;2;0;32;20;3;4;1;0;5
06149;6149;La Trinité;1;Grands centres urbains;10276;72,8;0,0;0,0;20,1;0,0;6,0;1,1;Alpes-Maritimes;Provence-Alpes-CÃ´te d'Azur;0;0;0;1;0;0;0;0;0;0;13;0;0;0;0;2;0;0;0;1;22;22;6;1;0;0;3
06152;6152;Valbonne;4;Ceintures urbaines;12754;0,0;0,0;0,0;94,3;0,0;5,5;0,3;Alpes-Maritimes;Provence-Alpes-CÃ´te d'Azur;2;2;1;1;0;0;0;0;0;0;25;0;2;0;3;1;1;1;3;3;22;38;14;2;2;1;20
06157;6157;Vence;2;Centres urbains intermédiaires;19415;0,0;55,8;0,0;42,8;0,0;0,8;0,6;Alpes-Maritimes;Provence-Alpes-CÃ´te d'Azur;1;2;1;1;0;0;0;0;0;0;22;1;1;2;2;2;0;0;1;3;54;42;9;7;2;1;12
06161;6161;Villeneuve-Loubet;1;Grands centres urbains;16779;75,2;0,0;0,0;21,6;0,0;2,9;0,4;Alpes-Maritimes;Provence-Alpes-CÃ´te d'Azur;1;0;0;1;0;1;0;1;0;0;11;0;0;0;0;0;0;0;0;4;34;27;3;3;0;0;7
07010;7010;Annonay;3;Petites villes;16873;0,0;47,3;0,0;48,9;0,0;3,4;0,5;ArdÃ¨che;Auvergne-RhÃ´ne-Alpes;1;4;1;1;1;1;0;1;1;0;15;3;1;0;2;2;1;1;1;3;29;10;4;4;0;2;6
07019;7019;Aubenas;2;Centres urbains intermédiaires;12360;0,0;49,3;0,0;44,9;0,0;5,9;0,0;ArdÃ¨che;Auvergne-RhÃ´ne-Alpes;1;0;0;1;1;0;0;0;1;1;12;1;2;2;0;3;0;4;2;4;36;19;7;7;1;1;10
07102;7102;Guilherand-Granges;1;Grands centres urbains;11203;86,8;0,0;0,0;11,9;0,0;1,3;0,1;ArdÃ¨che;Auvergne-RhÃ´ne-Alpes;1;1;0;2;0;0;0;0;0;0;19;10;2;3;1;1;4;20;12;1;32;17;6;6;0;0;5
07324;7324;Tournon-sur-Rhône;2;Centres urbains intermédiaires;11191;0,0;52,3;0,0;43,8;0,0;3,2;0,7;ArdÃ¨che;Auvergne-RhÃ´ne-Alpes;1;2;0;1;0;1;0;0;0;0;7;1;1;1;0;1;0;3;1;3;15;15;5;3;1;0;3
08409;8409;Sedan;2;Centres urbains intermédiaires;16608;0,0;71,2;0,0;25,1;0,0;3,4;0,3;Ardennes;Grand Est;1;3;0;1;0;1;0;0;1;1;14;3;0;2;1;0;1;1;0;5;27;19;8;5;1;1;2
09225;9225;Pamiers;2;Centres urbains intermédiaires;16394;0,0;51,6;0,0;40,8;0,0;4,7;2,9;AriÃ¨ge;Occitanie;1;2;1;1;0;0;0;1;0;0;15;0;0;0;2;3;1;1;1;2;74;19;5;9;4;4;13
10081;10081;La Chapelle-Saint-Luc;1;Grands centres urbains;12299;77,9;0,0;0,0;20,7;0,0;1,2;0,2;Aube;Grand Est;0;0;0;1;0;0;0;1;0;0;14;1;1;0;1;1;2;0;0;2;13;4;1;2;0;0;1
10323;10323;Romilly-sur-Seine;2;Centres urbains intermédiaires;14766;0,0;72,0;0,0;26,5;0,0;1,0;0,4;Aube;Grand Est;1;3;1;1;0;0;0;1;0;0;8;1;0;3;0;4;2;1;0;4;16;11;3;5;3;1;2
10333;10333;Saint-André-les-Vergers;1;Grands centres urbains;12775;82,7;0,0;0,0;16,5;0,0;0,7;0,0;Aube;Grand Est;0;0;0;2;0;0;0;0;1;1;10;5;0;3;0;4;0;6;0;0;14;10;3;5;0;0;1
10362;10362;Sainte-Savine;1;Grands centres urbains;10515;91,7;0,0;0,0;7,9;0,0;0,4;0,0;Aube;Grand Est;0;0;1;1;0;0;0;1;0;0;6;0;0;0;0;0;0;0;0;0;15;15;7;2;1;0;4
11076;11076;Castelnaudary;2;Centres urbains intermédiaires;12448;0,0;63,8;0,0;20,1;0,0;11,0;5,1;Aude;Occitanie;1;0;0;1;0;1;0;1;1;1;11;1;0;0;0;2;0;0;3;5;27;23;8;5;2;5;7
11203;11203;Lézignan-Corbières;2;Centres urbains intermédiaires;10952;0,0;62,3;0,0;32,3;0,0;4,1;1,4;Aude;Occitanie;1;1;0;1;0;0;0;0;0;0;7;0;0;2;0;9;0;16;0;2;34;20;4;7;1;1;2
11206;11206;Limoux;3;Petites villes;10302;0,0;0,0;88,7;0,0;0,0;9,2;2,1;Aude;Occitanie;1;1;0;2;0;1;0;0;0;0;13;3;1;1;1;1;0;17;0;3;39;20;2;4;1;4;5
12176;12176;Onet-le-Château;2;Centres urbains intermédiaires;11873;0,0;58,5;0,0;27,2;0,1;12,4;1,8;Aveyron;Occitanie;0;0;0;1;0;0;0;0;0;0;4;0;0;0;1;0;0;0;0;2;11;15;5;2;0;0;5
12300;12300;Villefranche-de-Rouergue;3;Petites villes;11720;0,0;0,0;80,7;0,0;0,0;15,6;3,7;Aveyron;Occitanie;1;2;0;1;1;1;0;1;0;0;11;3;1;1;0;0;0;1;1;2;29;10;4;6;1;2;8
13007;13007;Auriol;4;Ceintures urbaines;12839;0,0;0,0;12,2;71,5;0,0;15,7;0,6;Bouches-du-RhÃ´ne;Provence-Alpes-CÃ´te d'Azur;0;0;0;1;0;0;0;0;0;0;11;0;0;0;0;1;0;0;0;3;47;20;8;2;0;3;7
13014;13014;Berre-l'Étang;2;Centres urbains intermédiaires;13912;0,0;68,3;0,0;11,6;0,2;17,6;2,3;Bouches-du-RhÃ´ne;Provence-Alpes-CÃ´te d'Azur;1;1;0;1;0;0;0;1;1;1;9;0;0;0;0;0;0;0;0;1;24;8;3;1;1;0;3
13015;13015;Bouc-Bel-Air;4;Ceintures urbaines;15248;0,1;0,0;0,0;94,9;0,0;4,2;0,8;Bouches-du-RhÃ´ne;Provence-Alpes-CÃ´te d'Azur;0;0;0;1;0;0;1;0;1;1;18;1;4;0;5;1;2;0;0;3;19;38;11;6;1;1;10
13019;13019;Cabriès;4;Ceintures urbaines;10070;0,0;0,0;0,0;83,3;0,0;14,7;1,9;Bouches-du-RhÃ´ne;Provence-Alpes-CÃ´te d'Azur;0;0;0;1;0;0;0;0;0;0;8;4;0;0;2;6;0;0;0;7;25;22;3;3;0;0;2
13026;13026;Châteauneuf-les-Martigues;2;Centres urbains intermédiaires;17909;0,0;44,7;0,0;38,4;9,9;6,7;0,4;Bouches-du-RhÃ´ne;Provence-Alpes-CÃ´te d'Azur;1;1;0;1;0;0;0;1;0;0;10;0;1;0;1;3;0;0;0;2;31;22;3;4;0;5;1
13027;13027;Châteaurenard;2;Centres urbains intermédiaires;16669;0,0;60,4;0,0;26,0;0,1;12,6;0,8;Bouches-du-RhÃ´ne;Provence-Alpes-CÃ´te d'Azur;1;3;0;1;0;0;0;0;0;0;11;2;1;1;0;1;1;3;2;2;47;16;6;3;0;0;6
13039;13039;Fos-sur-Mer;2;Centres urbains intermédiaires;15469;0,0;68,2;0,0;29,5;0,0;1,9;0,4;Bouches-du-RhÃ´ne;Provence-Alpes-CÃ´te d'Azur;1;0;0;1;0;0;0;1;1;1;16;1;0;0;1;0;1;0;0;0;26;11;3;4;0;1;4
13040;13040;Fuveau;4;Ceintures urbaines;10115;0,0;0,0;0,0;71,1;0,3;28,1;0,6;Bouches-du-RhÃ´ne;Provence-Alpes-CÃ´te d'Azur;0;0;0;1;0;0;0;0;0;0;10;0;0;0;0;0;3;1;2;1;25;19;9;2;0;4;7
13043;13043;Gignac-la-Nerthe;2;Centres urbains intermédiaires;10083;0,0;67,9;0,0;28,2;0,0;3,7;0,2;Bouches-du-RhÃ´ne;Provence-Alpes-CÃ´te d'Azur;0;0;0;1;0;0;0;0;0;0;9;0;0;0;0;0;0;2;0;0;25;9;4;2;0;2;0
13069;13069;Pélissanne;2;Centres urbains intermédiaires;10554;0,0;78,4;0,0;15,6;0,0;4,6;1,5;Bouches-du-RhÃ´ne;Provence-Alpes-CÃ´te d'Azur;0;0;0;1;0;0;0;0;0;0;8;0;0;0;0;1;0;0;0;1;23;17;5;3;0;0;6
13075;13075;Plan-de-Cuques;1;Grands centres urbains;11396;98,2;0,0;0,0;1,8;0,0;0,0;0,0;Bouches-du-RhÃ´ne;Provence-Alpes-CÃ´te d'Azur;0;0;0;1;0;0;0;0;0;0;11;4;2;3;0;2;3;0;3;1;53;22;6;5;2;6;6
13077;13077;Port-de-Bouc;1;Grands centres urbains;16136;82,9;0,0;0,0;15,7;0,0;0,9;0,5;Bouches-du-RhÃ´ne;Provence-Alpes-CÃ´te d'Azur;1;1;0;1;0;0;0;0;1;1;11;1;0;1;0;0;0;0;1;2;212;8;2;1;2;0;1
13081;13081;Rognac;4;Ceintures urbaines;12175;0,0;43,5;0,0;50,5;0,0;5,3;0,8;Bouches-du-RhÃ´ne;Provence-Alpes-CÃ´te d'Azur;0;0;0;1;0;0;0;0;0;0;8;4;0;1;1;0;0;10;1;1;22;18;6;4;1;0;1
13097;13097;Saint-Martin-de-Crau;2;Centres urbains intermédiaires;13729;0,0;57,3;0,0;30,5;0,0;5,2;7,0;Bouches-du-RhÃ´ne;Provence-Alpes-CÃ´te d'Azur;1;1;1;1;0;0;0;1;1;1;11;0;1;0;0;2;0;2;0;2;25;8;4;2;0;0;9
13106;13106;Septèmes-les-Vallons;1;Grands centres urbains;11734;82,9;0,0;0,0;15,1;0,0;1,8;0,2;Bouches-du-RhÃ´ne;Provence-Alpes-CÃ´te d'Azur;0;0;0;1;0;0;0;0;0;0;13;0;0;0;0;0;0;0;0;0;24;26;5;5;0;0;5
13108;13108;Tarascon;2;Centres urbains intermédiaires;15423;0,0;78,6;0,0;10,0;0,5;4,8;6,1;Bouches-du-RhÃ´ne;Provence-Alpes-CÃ´te d'Azur;1;2;0;1;1;0;0;1;1;1;3;1;0;1;0;2;1;1;1;0;34;16;5;3;0;2;1
13110;13110;Trets;2;Centres urbains intermédiaires;10678;0,0;55,5;0,0;25,6;0,0;13,3;5,6;Bouches-du-RhÃ´ne;Provence-Alpes-CÃ´te d'Azur;1;1;0;1;0;0;0;0;0;0;15;2;0;0;0;1;1;1;1;2;28;24;3;3;1;1;6
14047;14047;Bayeux;2;Centres urbains intermédiaires;12775;0,0;83,2;0,0;16,3;0,0;0,5;0,0;Calvados;Normandie;1;3;0;1;0;1;0;0;0;0;20;4;1;0;0;2;0;6;2;4;27;19;12;6;0;3;11
14341;14341;Ifs;1;Grands centres urbains;11981;88,2;0,0;0,0;9,2;0,0;2,4;0,1;Calvados;Normandie;0;0;0;1;0;0;0;0;1;1;10;0;0;0;0;0;0;0;0;2;13;9;5;4;1;1;1
14366;14366;Lisieux;2;Centres urbains intermédiaires;19807;0,0;72,8;0,0;24,7;0,0;2,3;0,2;Calvados;Normandie;2;5;1;1;1;1;0;0;1;1;22;2;1;2;1;5;2;16;4;4;31;25;9;8;3;1;12
14437;14437;Mondeville;1;Grands centres urbains;10075;87,0;0,0;0,0;12,8;0,0;0,0;0,2;Calvados;Normandie;1;0;1;1;0;0;0;0;1;1;10;0;0;0;0;1;0;0;0;3;11;13;2;4;1;0;2
14762;14762;Vire Normandie;2;Centres urbains intermédiaires;17135;0,0;36,5;0,0;26,3;3,4;21,0;12,9;Calvados;Normandie;1;2;1;1;0;1;0;0;1;0;17;5;0;2;0;4;0;3;1;3;25;15;3;3;0;1;4
16102;16102;Cognac;2;Centres urbains intermédiaires;18448;0,0;58,0;0,0;39,3;0,0;2,8;0,0;Charente;Nouvelle-Aquitaine;1;7;1;2;1;2;0;1;1;2;15;2;1;2;2;5;0;0;3;1;14;20;9;3;0;1;10
17306;17306;Royan;2;Centres urbains intermédiaires;19029;0,0;49,4;0,0;46,3;0,0;4,1;0,3;Charente-Maritime;Nouvelle-Aquitaine;1;0;0;1;1;0;0;0;0;0;30;4;1;5;1;5;0;12;2;4;49;34;4;10;2;1;13
19272;19272;Tulle;3;Petites villes;13992;0,0;0,0;85,0;0,0;0,0;14,1;0,9;CorrÃ¨ze;Nouvelle-Aquitaine;1;0;1;2;2;2;0;2;3;4;14;2;1;0;0;2;1;2;1;3;25;17;5;4;1;1;6
21166;21166;Chenôve;1;Grands centres urbains;14445;93,4;0,0;0,0;6,4;0,0;0,0;0,1;CÃ´te-d'Or;Bourgogne-Franche-ComtÃ©;0;0;1;1;0;0;0;0;0;0;49;2;1;0;3;1;2;1;1;3;28;24;10;4;0;0;7
21171;21171;Chevigny-Saint-Sauveur;2;Centres urbains intermédiaires;10944;0,0;85,4;0,0;9,6;0,0;4,8;0,2;CÃ´te-d'Or;Bourgogne-Franche-ComtÃ©;0;0;0;1;0;0;0;0;0;0;12;0;2;0;0;0;0;2;0;1;12;17;5;4;1;0;3
21617;21617;Talant;1;Grands centres urbains;11894;96,8;0,0;0,0;1,4;0,0;1,9;0,0;CÃ´te-d'Or;Bourgogne-Franche-ComtÃ©;0;0;0;1;0;0;1;0;0;0;13;1;0;4;0;2;0;8;0;2;8;29;6;3;0;0;4
22050;22050;Dinan;2;Centres urbains intermédiaires;14675;0,0;60,6;0,0;37,6;0,0;1,9;0,0;CÃ´tes-d'Armor;Bretagne;1;5;1;1;1;2;0;0;1;1;12;2;1;4;1;5;0;7;2;1;23;22;9;7;2;0;14
22093;22093;Lamballe-Armor;5;Bourgs ruraux;16845;0,0;0,0;47,2;0,0;14,3;29,0;9,5;CÃ´tes-d'Armor;Bretagne;1;1;1;4;0;1;0;0;1;1;15;3;1;0;1;7;1;1;0;5;25;22;4;7;0;0;6
22187;22187;Plérin;4;Ceintures urbaines;14704;16,9;0,0;0,0;57,1;3,3;22,3;0,6;CÃ´tes-d'Armor;Bretagne;0;0;0;2;0;0;0;1;0;0;16;1;0;8;3;9;8;18;8;5;20;28;7;6;2;2;8
22215;22215;Ploufragan;1;Grands centres urbains;11369;50,8;0,0;0,0;27,5;3,7;16,5;1,5;CÃ´tes-d'Armor;Bretagne;0;0;0;1;0;0;0;0;0;0;7;0;0;0;1;0;0;0;0;2;13;10;2;2;0;0;4
23096;23096;Guéret;2;Centres urbains intermédiaires;12840;0,0;58,8;0,0;29,3;0,0;11,7;0,3;Creuse;Nouvelle-Aquitaine;1;5;1;3;1;1;0;2;0;0;12;4;0;2;3;0;1;26;3;3;34;13;3;4;1;1;6
24053;24053;Boulazac Isle Manoire;5;Bourgs ruraux;10697;0,0;12,9;0,0;32,2;15,8;33,9;5,2;Dordogne;Nouvelle-Aquitaine;1;0;0;1;0;0;0;0;1;0;8;0;1;0;1;0;1;0;0;1;13;11;5;1;0;0;3
25031;25031;Audincourt;1;Grands centres urbains;13944;87,1;0,0;0,0;12,6;0,0;0,3;0,0;Doubs;Bourgogne-Franche-ComtÃ©;1;0;0;1;1;0;0;0;1;0;14;0;0;0;1;1;0;12;0;3;14;12;4;3;0;0;3
25462;25462;Pontarlier;2;Centres urbains intermédiaires;17849;0,0;86,1;0,0;10,9;0,0;2,5;0,5;Doubs;Bourgogne-Franche-ComtÃ©;1;6;1;1;0;1;0;0;0;0;18;1;3;0;1;1;2;14;2;6;12;32;12;8;2;2;15
25580;25580;Valentigney;1;Grands centres urbains;10765;80,3;0,0;0,0;19,7;0,0;0,0;0,0;Doubs;Bourgogne-Franche-ComtÃ©;0;0;0;2;0;0;0;0;0;0;8;0;0;0;0;0;0;0;0;0;10;2;1;1;0;0;5
26058;26058;Bourg-lès-Valence;1;Grands centres urbains;19581;81,8;0,0;0,0;11,3;0,0;6,5;0,5;DrÃ´me;Auvergne-RhÃ´ne-Alpes;0;0;0;1;0;0;0;1;0;0;7;1;0;0;0;0;0;2;0;2;23;16;7;2;0;1;2
26235;26235;Pierrelatte;2;Centres urbains intermédiaires;13799;0,0;53,4;0,0;35,5;0,0;7,2;3,9;DrÃ´me;Auvergne-RhÃ´ne-Alpes;1;2;1;1;0;0;0;1;0;0;7;2;1;0;1;1;0;6;0;1;36;9;4;2;1;0;6
26252;26252;Portes-lès-Valence;2;Centres urbains intermédiaires;10422;0,0;65,6;0,0;30,2;0,0;2,9;1,3;DrÃ´me;Auvergne-RhÃ´ne-Alpes;1;1;0;1;0;0;0;0;1;1;6;0;0;0;0;0;0;0;0;3;27;16;8;2;1;0;1
27284;27284;Gisors;2;Centres urbains intermédiaires;11919;0,0;77,9;0,0;20,5;0,0;1,5;0,1;Eure;Normandie;1;1;0;1;1;0;0;1;0;0;11;0;0;0;1;1;1;7;1;2;18;12;2;6;1;3;3
27375;27375;Louviers;2;Centres urbains intermédiaires;18350;0,0;66,2;0,0;28,0;0,0;5,2;0,5;Eure;Normandie;1;5;0;1;1;1;0;1;1;1;15;2;0;1;0;1;0;13;1;3;23;7;6;4;0;1;8
27701;27701;Val-de-Reuil;2;Centres urbains intermédiaires;12647;0,0;81,8;0,0;16,4;0,0;1,0;0,8;Eure;Normandie;1;2;1;1;0;0;0;0;1;1;10;0;0;0;0;0;0;0;0;0;11;1;4;1;0;0;2
28088;28088;Châteaudun;3;Petites villes;12909;0,0;0,0;90,5;0,0;0,0;8,5;1,0;Eure-et-Loir;Centre-Val de Loire;1;3;0;1;1;1;1;1;2;2;8;3;0;2;0;2;0;6;0;3;11;10;3;5;0;1;5
28218;28218;Lucé;1;Grands centres urbains;15602;85,6;0,0;0,0;13,3;0,0;1,2;0,0;Eure-et-Loir;Centre-Val de Loire;0;0;1;1;0;0;0;2;0;0;13;0;2;0;0;3;0;0;1;0;12;5;0;7;0;1;3
28229;28229;Mainvilliers;1;Grands centres urbains;11057;90,1;0,0;0,0;5,4;0,0;3,9;0,7;Eure-et-Loir;Centre-Val de Loire;0;0;0;2;0;2;0;1;0;0;13;4;0;1;0;0;1;10;3;3;8;9;0;2;0;2;3
28404;28404;Vernouillet;2;Centres urbains intermédiaires;12455;0,0;71,1;0,0;28,9;0,0;0,0;0,1;Eure-et-Loir;Centre-Val de Loire;0;0;0;2;0;0;0;0;1;2;6;2;0;0;0;0;0;0;1;0;15;3;2;1;1;0;1
29046;29046;Douarnenez;3;Petites villes;14163;0,0;0,0;87,7;0,0;0,0;10,6;1,7;FinistÃ¨re;Bretagne;1;1;0;1;0;1;0;0;0;0;21;0;1;2;0;2;1;1;0;3;71;15;6;5;2;3;4
29058;29058;Fouesnant;3;Petites villes;10098;0,0;0,0;67,6;0,0;0,2;30,8;1,4;FinistÃ¨re;Bretagne;0;0;0;1;0;0;0;0;0;0;16;0;3;0;0;1;0;0;1;1;25;17;3;5;1;0;2
29075;29075;Guipavas;4;Ceintures urbaines;15460;9,8;0,0;0,0;73,8;0,0;14,0;2,4;FinistÃ¨re;Bretagne;0;0;0;1;0;0;0;0;0;0;15;0;0;0;7;0;0;0;0;1;24;19;9;6;0;1;2
29103;29103;Landerneau;2;Centres urbains intermédiaires;16206;0,0;68,4;0,0;26,9;0,0;4,5;0,2;FinistÃ¨re;Bretagne;1;2;0;1;0;0;0;1;0;0;18;0;3;0;0;1;3;4;1;1;37;26;5;6;1;0;14
29151;29151;Morlaix;2;Centres urbains intermédiaires;14903;0,0;60,2;0,0;28,2;3,9;5,5;2,2;FinistÃ¨re;Bretagne;2;4;0;3;1;2;0;1;1;1;15;14;6;4;1;5;2;15;1;1;46;22;12;8;1;0;16
29189;29189;Plougastel-Daoulas;4;Ceintures urbaines;13445;0,0;0,0;0,0;57,2;0,0;42,0;0,8;FinistÃ¨re;Bretagne;1;2;0;1;0;0;0;0;1;1;15;0;0;0;0;1;0;7;0;1;35;17;4;4;1;0;1
29212;29212;Plouzané;4;Ceintures urbaines;13473;0,0;0,0;0,0;88,2;0,0;9,2;2,6;FinistÃ¨re;Bretagne;0;0;0;1;0;0;0;0;0;0;9;0;0;0;0;0;0;0;0;1;25;7;2;2;0;1;2
29233;29233;Quimperlé;2;Centres urbains intermédiaires;12313;0,0;48,2;0,0;43,3;0,0;6,8;1,8;FinistÃ¨re;Bretagne;1;1;0;1;0;0;0;0;0;0;15;2;1;5;1;2;0;11;0;6;34;25;7;5;2;3;5
29235;29235;Le Relecq-Kerhuon;2;Centres urbains intermédiaires;11791;0,0;56,9;0,0;39,9;0,0;3,0;0,2;FinistÃ¨re;Bretagne;0;0;0;1;0;0;0;0;0;0;10;1;0;0;0;0;0;0;0;1;18;24;2;3;1;1;6
2A247;2A247;Porto-Vecchio;3;Petites villes;11229;0,0;0,0;51,7;0,0;0,0;38,9;9,5;Corse-du-Sud;Corse;1;1;0;1;0;0;0;0;0;0;10;2;2;5;1;1;0;8;0;3;55;38;7;6;0;2;6
30028;30028;Bagnols-sur-Cèze;2;Centres urbains intermédiaires;18248;0,0;70,9;0,0;20,3;0,0;7,2;1,6;Gard;Occitanie;1;4;1;1;0;2;0;1;0;0;19;3;4;1;1;2;2;6;3;4;39;24;2;7;4;0;10
30032;30032;Beaucaire;2;Centres urbains intermédiaires;15680;0,0;49,8;0,0;37,9;0,0;5,8;6,6;Gard;Occitanie;0;0;1;1;0;2;0;1;0;0;11;1;0;0;2;1;0;0;1;1;32;16;3;3;3;0;2
30202;30202;Pont-Saint-Esprit;2;Centres urbains intermédiaires;10600;0,0;59,1;0,0;33,7;0,0;6,6;0,7;Gard;Occitanie;1;2;0;1;0;1;0;0;0;0;5;1;1;0;0;0;0;6;0;3;40;6;1;5;2;0;6
30258;30258;Saint-Gilles;2;Centres urbains intermédiaires;14264;0,0;55,2;0,0;31,3;0,1;6,9;6,5;Gard;Occitanie;0;0;0;1;0;2;0;0;0;0;8;0;0;0;0;0;0;1;0;2;59;7;4;1;3;0;0
30341;30341;Vauvert;2;Centres urbains intermédiaires;11774;0,0;62,4;0,0;18,8;5,4;8,2;5,2;Gard;Occitanie;0;0;0;1;0;0;0;0;0;0;9;1;1;0;0;2;1;0;0;3;29;20;5;3;1;0;3
30351;30351;Villeneuve-lès-Avignon;1;Grands centres urbains;12617;89,0;0,0;0,0;6,9;0,0;3,3;0,9;Gard;Occitanie;0;0;0;1;0;2;2;0;1;1;13;0;2;0;9;0;2;1;1;1;36;12;2;3;2;0;9
31033;31033;Auterive;3;Petites villes;10126;0,0;0,0;81,0;0,0;0,0;16,9;2,1;Haute-Garonne;Occitanie;1;1;0;1;0;0;0;0;0;0;10;0;1;0;0;6;0;1;1;3;13;15;8;6;1;5;11
31044;31044;Balma;1;Grands centres urbains;17385;75,2;0,0;0,0;21,3;0,0;3,2;0,4;Haute-Garonne;Occitanie;0;0;0;1;0;0;0;0;1;1;23;1;1;0;3;1;2;1;1;3;28;51;18;8;0;5;23
31113;31113;Castanet-Tolosan;2;Centres urbains intermédiaires;14903;0,0;69,4;0,0;28,9;0,0;1,3;0,4;Haute-Garonne;Occitanie;1;1;0;0;0;0;0;0;0;0;19;1;1;0;1;0;0;0;1;2;28;41;8;4;0;5;20
31116;31116;Castelginest;1;Grands centres urbains;10876;76,4;0,0;0,0;19,9;0,0;3,7;0,0;Haute-Garonne;Occitanie;1;1;0;0;0;0;0;0;0;0;12;0;1;0;0;0;0;0;0;2;12;14;7;4;0;1;6
31187;31187;Fonsorbes;2;Centres urbains intermédiaires;12546;0,0;52,4;0,0;38,2;2,8;6,2;0,5;Haute-Garonne;Occitanie;0;0;0;1;0;0;0;0;0;0;6;0;0;0;0;0;0;5;0;1;9;8;7;3;0;4;10
31424;31424;Plaisance-du-Touch;1;Grands centres urbains;19944;80,4;0,0;0,0;11,1;1,7;5,8;1,0;Haute-Garonne;Occitanie;1;3;0;1;0;0;0;0;0;0;17;1;3;0;0;2;3;5;1;7;24;27;13;5;1;8;18
31446;31446;Ramonville-Saint-Agne;1;Grands centres urbains;14949;77,7;0,0;0,0;22,2;0,0;0,1;0,1;Haute-Garonne;Occitanie;1;1;0;1;0;0;0;0;1;1;17;0;2;1;5;4;1;2;2;7;35;24;8;4;0;3;25
31483;31483;Saint-Gaudens;2;Centres urbains intermédiaires;11613;0,0;53,3;0,0;33,1;0,0;12,6;1,1;Haute-Garonne;Occitanie;1;7;0;2;0;2;0;1;1;1;14;6;0;0;0;2;0;13;2;2;42;21;7;5;1;4;10
31488;31488;Saint-Jean;1;Grands centres urbains;11243;71,8;0,0;0,0;28,0;0,0;0,0;0,2;Haute-Garonne;Occitanie;0;0;0;1;0;0;0;0;0;0;29;7;2;5;1;8;4;17;6;2;13;60;6;4;1;2;12
31506;31506;Saint-Orens-de-Gameville;2;Centres urbains intermédiaires;13766;0,0;76,3;0,0;21,9;0,0;1,6;0,2;Haute-Garonne;Occitanie;0;0;0;1;0;0;0;0;1;1;19;0;1;0;2;1;3;1;1;3;30;45;6;5;2;3;9
31561;31561;L'Union;1;Grands centres urbains;12358;87,2;0,0;0,0;12,7;0,0;0,0;0,1;Haute-Garonne;Occitanie;1;1;0;1;0;0;0;0;0;0;16;2;2;2;3;1;3;1;2;3;28;34;12;6;0;3;20
31588;31588;Villeneuve-Tolosane;1;Grands centres urbains;10369;82,6;0,0;0,0;17,4;0,0;0,0;0,0;Haute-Garonne;Occitanie;0;0;0;1;0;0;0;0;0;0;8;0;0;0;0;1;0;0;0;0;17;20;2;2;0;0;3
33003;33003;Ambarès-et-Lagrave;2;Centres urbains intermédiaires;16798;0,0;59,9;0,0;37,2;0,0;2,6;0,3;Gironde;Nouvelle-Aquitaine;0;0;0;1;0;0;0;0;0;0;16;0;0;0;0;3;0;0;0;1;29;17;1;4;0;0;2
33005;33005;Andernos-les-Bains;3;Petites villes;12472;0,0;0,0;94,9;0,0;0,0;4,7;0,4;Gironde;Nouvelle-Aquitaine;1;0;0;1;1;0;0;1;0;0;17;0;3;0;0;1;1;1;0;2;30;31;14;7;3;2;11
33009;33009;Arcachon;4;Ceintures urbaines;11259;0,0;43,4;0,0;55,5;0,0;0,8;0,4;Gironde;Nouvelle-Aquitaine;1;3;0;1;1;1;0;1;1;1;28;5;3;0;1;1;0;0;1;1;98;28;4;11;4;1;9
33051;33051;Biganos;2;Centres urbains intermédiaires;11095;0,0;45,8;0,0;40,5;0,0;12,0;1,7;Gironde;Nouvelle-Aquitaine;1;1;0;1;0;0;0;0;0;0;78;1;1;0;1;0;0;6;1;3;42;18;7;6;1;2;3
33056;33056;Blanquefort;1;Grands centres urbains;16004;50,2;0,0;0,0;47,0;0,0;1,8;1,0;Gironde;Nouvelle-Aquitaine;1;2;0;1;0;0;1;0;1;1;12;3;3;0;2;1;3;0;1;2;38;25;8;6;1;0;5
33122;33122;Cestas;4;Ceintures urbaines;16789;0,0;0,0;0,0;84,2;0,9;12,6;2,3;Gironde;Nouvelle-Aquitaine;1;2;0;1;0;0;0;0;0;0;17;1;1;0;2;1;0;4;4;2;55;39;7;11;1;2;6
33167;33167;Floirac;1;Grands centres urbains;17749;95,1;0,0;0,0;4,9;0,0;0,0;0,0;Gironde;Nouvelle-Aquitaine;0;0;0;2;0;0;0;1;1;0;29;2;1;7;6;2;3;0;4;2;89;32;7;6;0;5;8
33200;33200;Le Haillan;1;Grands centres urbains;11572;83,6;0,0;0,0;15,5;0,0;0,8;0,1;Gironde;Nouvelle-Aquitaine;1;1;0;1;0;0;0;0;1;1;6;0;0;0;1;1;0;0;0;2;10;20;5;4;0;0;9
33238;33238;Léognan;4;Ceintures urbaines;10708;0,2;0,0;0,0;86,5;0,0;12,8;0,5;Gironde;Nouvelle-Aquitaine;1;1;0;1;0;0;1;0;1;1;10;0;0;0;1;2;0;4;0;3;12;19;10;4;0;3;9
33284;33284;Mios;5;Bourgs ruraux;11469;0,0;0,0;48,6;0,0;13,1;35,6;2,7;Gironde;Nouvelle-Aquitaine;0;0;0;1;0;0;0;1;0;0;4;0;0;0;0;0;0;0;0;0;28;10;1;3;0;0;1
33312;33312;Parempuyre;2;Centres urbains intermédiaires;10142;0,0;65,6;0,0;27,7;0,0;5,0;1,7;Gironde;Nouvelle-Aquitaine;0;0;0;1;0;0;0;0;0;0;6;0;0;0;0;0;0;0;0;1;12;13;5;3;0;0;4
33366;33366;Saint-André-de-Cubzac;2;Centres urbains intermédiaires;12854;0,0;46,8;0,0;37,0;0,0;16,2;0,0;Gironde;Nouvelle-Aquitaine;1;0;0;1;0;0;0;0;0;0;16;2;1;1;1;7;2;0;0;8;28;19;17;6;1;1;12
33433;33433;Saint-Loubès;4;Ceintures urbaines;10005;0,0;0,0;0,0;81,9;0,0;16,9;1,1;Gironde;Nouvelle-Aquitaine;0;0;0;1;0;0;0;0;1;1;6;1;0;0;0;0;0;0;0;0;19;8;5;5;1;1;7
33519;33519;Le Taillan-Médoc;1;Grands centres urbains;10727;73,6;0,0;0,0;23,9;0,0;2,3;0,2;Gironde;Nouvelle-Aquitaine;0;0;0;1;0;0;0;0;0;0;11;0;0;0;0;0;0;0;0;3;11;21;5;2;1;0;7
34123;34123;Juvignac;4;Ceintures urbaines;12783;46,4;0,0;0,0;52,0;0,0;1,1;0,5;HÃ©rault;Occitanie;0;0;0;1;0;0;0;0;0;0;14;0;0;0;0;1;1;2;0;3;17;49;14;4;1;1;5
34129;34129;Lattes;1;Grands centres urbains;17544;65,3;0,0;0,0;30,3;0,0;3,8;0,6;HÃ©rault;Occitanie;1;12;0;1;0;1;0;0;1;1;28;4;4;1;2;7;2;3;3;4;29;69;11;7;0;6;16
34154;34154;Mauguio;2;Centres urbains intermédiaires;16596;0,0;60,8;0,0;29,3;0,0;6,7;3,3;HÃ©rault;Occitanie;0;0;0;2;0;0;1;0;0;0;20;1;2;3;1;2;1;0;0;3;49;64;15;11;2;0;7
34157;34157;Mèze;2;Centres urbains intermédiaires;12664;0,0;86,9;0,0;5,3;0,0;4,1;3,7;HÃ©rault;Occitanie;1;1;0;2;0;0;0;0;0;0;10;1;1;0;0;0;0;0;0;1;25;27;5;2;1;0;5
34255;34255;Saint-Gély-du-Fesc;2;Centres urbains intermédiaires;10537;0,0;68,2;0,0;24,7;0,0;6,4;0,7;HÃ©rault;Occitanie;1;0;0;0;0;0;0;0;0;0;19;3;3;1;3;1;1;4;2;2;21;37;23;6;2;2;17
34270;34270;Saint-Jean-de-Védas;1;Grands centres urbains;12570;62,7;0,0;0,0;30,6;0,0;6,2;0,5;HÃ©rault;Occitanie;0;0;0;2;0;0;0;0;1;0;23;2;4;8;2;16;7;12;3;2;33;48;13;4;1;2;9
34337;34337;Villeneuve-lès-Maguelone;2;Centres urbains intermédiaires;10405;0,0;68,8;0,0;22,4;0,0;7,6;1,2;HÃ©rault;Occitanie;0;0;0;1;0;0;0;0;0;0;9;0;0;0;1;1;0;0;0;0;17;26;5;1;1;3;3
35024;35024;Betton;2;Centres urbains intermédiaires;12695;0,0;56,2;0,0;31,3;0,0;10,1;2,4;Ille-et-Vilaine;Bretagne;1;1;0;1;1;0;0;0;0;0;10;1;2;0;0;1;1;0;0;4;13;25;7;3;1;1;11
35047;35047;Bruz;2;Centres urbains intermédiaires;19651;0,0;58,0;0,0;32,9;3,0;5,1;1,0;Ille-et-Vilaine;Bretagne;2;1;0;1;1;0;0;0;1;1;22;1;2;0;3;0;0;0;0;3;25;27;11;4;2;0;13
35051;35051;Cesson-Sévigné;1;Grands centres urbains;17716;77,2;0,0;0,0;13,4;0,0;7,6;1,7;Ille-et-Vilaine;Bretagne;1;1;0;1;0;0;0;0;0;0;21;8;5;9;4;10;1;33;4;7;25;39;5;5;3;0;21
35055;35055;Chantepie;1;Grands centres urbains;10232;84,7;0,0;0,0;7,7;0,0;7,1;0,5;Ille-et-Vilaine;Bretagne;0;0;1;1;0;0;0;0;0;0;8;2;0;0;0;0;0;0;0;2;10;13;4;3;1;2;9
35069;35069;Châteaugiron;3;Petites villes;10518;0,0;0,0;74,7;0,0;11,1;11,9;2,4;Ille-et-Vilaine;Bretagne;1;1;0;3;0;0;0;0;0;0;6;0;0;0;0;2;0;9;0;2;7;12;6;3;0;0;8
35093;35093;Dinard;2;Centres urbains intermédiaires;10219;0,0;55,5;0,0;40,6;0,0;3,9;0,1;Ille-et-Vilaine;Bretagne;1;2;0;1;0;0;0;1;0;0;13;2;1;0;0;6;0;2;1;1;29;15;4;6;1;0;7
35210;35210;Pacé;2;Centres urbains intermédiaires;11918;0,0;62,2;0,0;26,1;0,1;8,4;3,2;Ille-et-Vilaine;Bretagne;0;0;0;1;0;0;0;0;0;0;13;0;0;0;1;2;0;0;0;2;6;13;7;2;0;3;10
35281;35281;Saint-Jacques-de-la-Lande;1;Grands centres urbains;13656;80,6;0,0;0,0;18,7;0,0;0,2;0,4;Ille-et-Vilaine;Bretagne;0;0;0;1;0;0;0;0;2;3;12;0;0;0;0;0;0;27;0;2;9;12;7;3;0;0;6
35360;35360;Vitré;2;Centres urbains intermédiaires;18998;0,0;55,1;0,0;37,5;0,0;4,9;2,5;Ille-et-Vilaine;Bretagne;1;3;1;1;0;2;0;1;1;3;21;1;2;2;1;10;0;2;2;5;17;28;9;8;1;0;7
36088;36088;Issoudun;2;Centres urbains intermédiaires;10992;0,0;60,3;0,0;31,7;0,0;6,0;2,0;Indre;Centre-Val de Loire;1;3;0;1;0;1;0;1;1;2;8;0;0;0;1;2;0;5;0;0;15;12;2;4;0;0;1
37003;37003;Amboise;3;Petites villes;12938;0,0;0,0;94,1;0,0;0,0;4,8;1,1;Indre-et-Loire;Centre-Val de Loire;1;2;0;1;0;2;1;1;0;0;12;2;1;1;1;2;1;32;3;4;15;13;9;4;3;3;10
37050;37050;Chambray-lès-Tours;1;Grands centres urbains;11589;82,2;0,0;0,0;7,4;0,0;9,3;1,1;Indre-et-Loire;Centre-Val de Loire;1;1;0;1;0;0;0;1;0;0;19;8;1;13;5;8;9;45;14;3;13;25;4;4;1;1;4
37109;37109;Fondettes;4;Ceintures urbaines;10741;0,0;0,0;0,0;84,6;0,2;13,8;1,4;Indre-et-Loire;Centre-Val de Loire;0;0;0;0;0;0;0;0;0;0;14;0;0;0;0;0;0;0;0;2;10;20;8;2;0;0;7
37156;37156;Montlouis-sur-Loire;4;Ceintures urbaines;11048;0,0;0,0;0,0;86,5;0,0;11,4;2,1;Indre-et-Loire;Centre-Val de Loire;0;0;0;1;0;0;0;1;0;0;7;0;0;0;0;0;0;0;0;3;11;9;13;3;0;1;4
37195;37195;La Riche;1;Grands centres urbains;10325;78,9;0,0;0,0;15,3;0,0;5,6;0,2;Indre-et-Loire;Centre-Val de Loire;1;1;0;1;0;1;0;0;1;1;10;1;0;0;1;0;1;0;0;3;10;3;7;2;0;0;9
37208;37208;Saint-Avertin;1;Grands centres urbains;15000;82,3;0,0;0,0;17,5;0,0;0,0;0,2;Indre-et-Loire;Centre-Val de Loire;0;0;0;1;0;0;0;0;0;0;18;0;3;0;2;0;1;0;2;3;12;28;6;6;1;0;8
37214;37214;Saint-Cyr-sur-Loire;1;Grands centres urbains;17004;60,6;0,0;0,0;38,8;0,0;0,4;0,2;Indre-et-Loire;Centre-Val de Loire;1;1;0;1;0;0;0;1;0;0;26;26;4;18;1;8;0;40;2;4;23;35;6;6;0;0;13
37233;37233;Saint-Pierre-des-Corps;1;Grands centres urbains;15909;95,4;0,0;0,0;4,1;0,0;0,5;0,1;Indre-et-Loire;Centre-Val de Loire;1;1;0;2;0;0;0;1;0;0;6;0;1;1;0;1;1;9;0;2;6;13;12;3;2;0;5
38085;38085;Charvieu-Chavagneux;4;Ceintures urbaines;10280;0,0;0,0;0,0;98,1;0,0;1,9;0,0;IsÃ¨re;Auvergne-RhÃ´ne-Alpes;0;0;0;1;0;0;0;0;0;0;6;0;0;0;0;1;0;0;0;1;16;5;6;2;0;0;0
38193;38193;L'Isle-d'Abeau;2;Centres urbains intermédiaires;17206;0,0;71,7;0,0;27,1;0,0;1,2;0,0;IsÃ¨re;Auvergne-RhÃ´ne-Alpes;0;0;0;1;0;0;0;0;0;0;8;0;0;0;0;0;0;0;0;2;8;10;2;1;0;0;4
38229;38229;Meylan;1;Grands centres urbains;18573;84,8;0,0;0,0;13,9;0,0;0,9;0,3;IsÃ¨re;Auvergne-RhÃ´ne-Alpes;0;0;1;5;0;0;0;1;1;1;30;4;5;0;4;1;9;1;1;3;35;63;12;7;0;1;29
38317;38317;Le Pont-de-Claix;1;Grands centres urbains;10805;85,2;0,0;0,0;12,9;0,0;2,0;0,0;IsÃ¨re;Auvergne-RhÃ´ne-Alpes;0;0;1;1;0;0;0;1;0;0;9;0;1;0;3;0;0;2;1;3;20;8;8;4;0;0;1
38382;38382;Saint-Égrève;1;Grands centres urbains;16995;71,2;0,0;0,0;26,7;0,0;2,1;0,0;IsÃ¨re;Auvergne-RhÃ´ne-Alpes;1;2;1;3;0;0;0;1;0;0;13;0;2;0;4;0;1;0;2;2;26;35;12;4;0;1;11
38474;38474;Sassenage;1;Grands centres urbains;11660;88,9;0,0;0,0;9,1;0,0;1,7;0,3;IsÃ¨re;Auvergne-RhÃ´ne-Alpes;0;0;1;1;0;0;0;0;1;1;10;0;0;0;1;0;0;0;0;2;20;13;2;2;0;0;2
38485;38485;Seyssinet-Pariset;1;Grands centres urbains;11753;96,5;0,0;0,0;0,0;0,0;3,2;0,3;IsÃ¨re;Auvergne-RhÃ´ne-Alpes;0;0;1;1;0;0;0;0;1;1;15;0;1;0;1;1;0;2;0;2;24;30;9;2;1;0;4
38553;38553;Villefontaine;2;Centres urbains intermédiaires;19083;0,0;92,6;0,0;6,6;0,0;0,8;0,0;IsÃ¨re;Auvergne-RhÃ´ne-Alpes;1;0;1;3;0;0;0;1;1;1;22;0;0;0;1;0;0;23;0;5;21;8;7;5;0;1;10
39300;39300;Lons-le-Saunier;2;Centres urbains intermédiaires;17043;0,0;77,9;0,0;21,4;0,0;0,7;0,0;Jura;Bourgogne-Franche-ComtÃ©;3;12;1;3;2;3;0;0;1;1;20;4;0;0;1;3;1;8;1;4;20;21;6;7;3;7;15
40046;40046;Biscarrosse;3;Petites villes;14551;0,0;0,0;68,8;0,0;10,0;18,1;3,2;Landes;Nouvelle-Aquitaine;1;4;0;1;1;1;0;0;1;1;15;1;1;1;0;3;1;1;0;2;33;31;4;8;0;0;13
40279;40279;Saint-Paul-lès-Dax;2;Centres urbains intermédiaires;14317;0,0;51,4;0,0;38,9;0,0;6,0;3,7;Landes;Nouvelle-Aquitaine;0;0;0;1;0;0;0;0;0;0;9;0;0;0;0;1;1;0;1;4;25;44;5;5;2;5;11
40312;40312;Tarnos;4;Ceintures urbaines;12920;47,5;0,0;0,0;45,9;0,0;6,2;0,3;Landes;Nouvelle-Aquitaine;1;12;0;1;0;0;0;1;0;0;15;0;1;0;0;7;0;2;2;4;41;31;4;4;0;2;4
41194;41194;Romorantin-Lanthenay;3;Petites villes;18115;0,0;35,9;0,0;56,2;0,0;6,7;1,2;Loir-et-Cher;Centre-Val de Loire;1;3;0;1;0;1;0;1;1;1;16;0;1;0;2;1;0;4;1;2;23;10;2;7;1;0;3
41269;41269;Vendôme;2;Centres urbains intermédiaires;15747;0,0;73,8;0,0;21,3;0,0;4,6;0,4;Loir-et-Cher;Centre-Val de Loire;1;5;0;2;0;1;0;1;2;2;16;3;1;2;1;7;3;15;3;6;15;10;4;9;3;0;8
42005;42005;Andrézieux-Bouthéon;2;Centres urbains intermédiaires;10187;0,0;55,3;0,0;39,7;0,0;4,6;0,4;Loire;Auvergne-RhÃ´ne-Alpes;0;0;1;4;0;0;0;0;1;1;24;0;1;0;2;2;1;0;1;0;24;13;7;2;1;0;4
42044;42044;Le Chambon-Feugerolles;2;Centres urbains intermédiaires;12066;0,0;53,7;0,0;42,1;0,0;2,9;1,4;Loire;Auvergne-RhÃ´ne-Alpes;0;0;0;1;0;0;0;1;0;0;6;0;0;0;0;0;0;0;1;1;34;8;3;2;0;0;0
42095;42095;Firminy;2;Centres urbains intermédiaires;17137;0,0;90,7;0,0;6,2;0,0;3,2;0,0;Loire;Auvergne-RhÃ´ne-Alpes;1;2;0;1;1;0;0;1;1;1;14;3;0;0;3;1;1;0;2;6;39;26;0;8;1;0;9
42147;42147;Montbrison;2;Centres urbains intermédiaires;16064;0,0;66,6;0,0;29,7;0,0;3,1;0,6;Loire;Auvergne-RhÃ´ne-Alpes;1;5;0;2;0;2;0;2;0;0;18;0;2;6;0;5;0;0;2;4;26;27;10;6;1;2;11
42184;42184;Riorges;2;Centres urbains intermédiaires;11045;0,0;65,0;0,0;31,8;0,0;2,9;0,3;Loire;Auvergne-RhÃ´ne-Alpes;0;0;0;0;0;0;0;0;0;0;4;0;0;0;0;0;1;0;0;0;11;15;2;2;0;0;1
42186;42186;Rive-de-Gier;2;Centres urbains intermédiaires;15214;0,0;67,6;0,0;31,8;0,0;0,4;0,1;Loire;Auvergne-RhÃ´ne-Alpes;1;2;1;1;0;0;0;1;0;0;16;1;1;0;2;0;0;0;0;2;44;13;6;5;1;2;6
42279;42279;Saint-Just-Saint-Rambert;4;Ceintures urbaines;15419;0,0;0,1;0,0;87,4;0,0;10,9;1,7;Loire;Auvergne-RhÃ´ne-Alpes;1;7;0;1;0;1;0;0;0;0;19;0;1;0;0;0;0;0;1;4;32;31;7;6;0;2;5
43157;43157;Le Puy-en-Velay;2;Centres urbains intermédiaires;18629;0,0;65,8;0,0;31,9;0,0;1,8;0,5;Haute-Loire;Auvergne-RhÃ´ne-Alpes;1;6;1;2;1;1;1;3;2;2;21;3;1;4;11;4;2;17;1;2;44;30;11;12;5;4;12
44003;44003;Ancenis-Saint-Géréon;3;Petites villes;11099;0,0;0,0;91,7;0,0;0,0;5,8;2,5;Loire-Atlantique;Pays de la Loire;1;0;0;1;0;0;0;0;1;1;14;2;1;14;0;22;0;9;0;4;7;19;8;3;2;1;8
44015;44015;Blain;3;Petites villes;10187;0,0;0,0;52,4;0,0;0,0;33,5;14,1;Loire-Atlantique;Pays de la Loire;1;1;0;2;0;1;0;0;0;0;13;0;0;0;0;0;0;0;0;3;15;8;5;5;1;0;6
44036;44036;Châteaubriant;3;Petites villes;12189;0,0;0,0;87,2;0,0;0,0;9,6;3,2;Loire-Atlantique;Pays de la Loire;1;4;1;1;0;1;0;0;1;1;10;1;0;2;0;5;0;6;0;3;13;15;8;6;4;1;8
44055;44055;La Baule-Escoublac;2;Centres urbains intermédiaires;16468;0,0;49,5;0,0;42,7;0,0;6,7;1,1;Loire-Atlantique;Pays de la Loire;1;5;1;1;1;0;0;2;0;0;16;3;1;0;0;2;0;1;0;0;28;23;6;7;1;4;10
44069;44069;Guérande;4;Ceintures urbaines;16151;0,0;1,8;0,0;59,4;7,8;28,4;2,7;Loire-Atlantique;Pays de la Loire;1;6;0;1;1;1;0;1;1;1;23;2;0;3;10;10;1;13;0;5;19;27;5;6;2;1;15
44129;44129;Pontchâteau;3;Petites villes;11075;0,0;0,0;52,6;0,0;0,0;45,6;1,7;Loire-Atlantique;Pays de la Loire;1;1;0;1;0;0;0;0;0;0;7;4;0;0;0;1;0;0;0;2;9;5;7;3;0;0;2
44131;44131;Pornic;3;Petites villes;17910;0,0;0,0;71,4;0,0;0,0;22,9;5,7;Loire-Atlantique;Pays de la Loire;2;2;0;1;0;0;0;0;0;0;26;1;2;1;2;26;0;3;0;4;21;30;9;5;2;0;6
44132;44132;Pornichet;4;Ceintures urbaines;12121;0,0;26,4;0,0;68,2;0,0;5,4;0,0;Loire-Atlantique;Pays de la Loire;0;0;0;1;0;0;0;0;1;1;16;0;0;0;1;0;0;0;0;1;21;21;3;7;1;1;4
44154;44154;Saint-Brevin-les-Pins;3;Petites villes;14411;0,0;0,0;90,7;0,0;0,0;8,7;0,6;Loire-Atlantique;Pays de la Loire;1;3;0;0;0;0;0;0;0;0;12;1;0;0;0;4;0;0;0;1;18;11;7;6;2;1;6
44172;44172;Sainte-Luce-sur-Loire;1;Grands centres urbains;15527;80,6;0,1;0,0;18,7;0,0;0,5;0,1;Loire-Atlantique;Pays de la Loire;0;0;0;1;0;0;0;0;0;0;13;0;1;0;0;1;0;0;1;2;12;20;6;4;0;0;10
44204;44204;Thouaré-sur-Loire;2;Centres urbains intermédiaires;10783;0,0;69,0;0,0;23,4;0,0;7,3;0,3;Loire-Atlantique;Pays de la Loire;0;0;0;1;0;0;0;0;0;0;14;0;0;0;0;0;0;0;0;1;7;10;6;3;1;0;2
44209;44209;Treillières;3;Petites villes;10230;0,0;0,0;67,1;5,0;0,0;26,1;1,8;Loire-Atlantique;Pays de la Loire;0;0;0;1;0;0;0;0;0;0;5;0;0;0;0;0;0;0;0;0;5;9;5;2;1;0;4
45004;45004;Amilly;4;Ceintures urbaines;13267;0,0;5,0;0,0;79,3;0,0;14,6;1,0;Loiret;Centre-Val de Loire;0;0;0;1;0;0;0;0;0;0;9;3;0;0;0;0;0;4;0;0;13;5;3;2;0;3;3
45068;45068;Châlette-sur-Loing;2;Centres urbains intermédiaires;12728;0,0;61,4;0,0;38,0;0,0;0,5;0,0;Loiret;Centre-Val de Loire;0;0;0;1;0;0;0;0;0;0;1;0;0;0;0;0;0;0;0;0;9;7;0;0;0;0;0
45075;45075;La Chapelle-Saint-Mesmin;1;Grands centres urbains;10218;79,0;0,0;0,0;15,3;0,0;5,7;0,0;Loiret;Centre-Val de Loire;0;0;0;1;0;0;0;1;0;0;4;0;0;0;0;3;1;0;1;1;7;11;6;4;1;1;0
45155;45155;Gien;3;Petites villes;13387;0,0;37,4;0,0;49,4;0,0;11,3;2,0;Loiret;Centre-Val de Loire;1;1;0;2;0;1;0;1;0;0;13;0;1;4;2;0;0;10;2;1;15;12;3;4;1;0;4
45208;45208;Montargis;2;Centres urbains intermédiaires;15061;0,0;91,6;0,0;8,2;0,0;0,0;0,2;Loiret;Centre-Val de Loire;1;9;1;1;0;2;0;1;0;0;22;3;2;4;1;5;1;16;5;2;22;12;6;7;1;2;11
45285;45285;Saint-Jean-de-la-Ruelle;1;Grands centres urbains;16594;100,0;0,0;0,0;0,0;0,0;0,0;0,0;Loiret;Centre-Val de Loire;0;0;1;3;0;0;0;0;0;0;15;0;1;0;1;0;0;1;0;1;15;13;4;4;1;0;7
45302;45302;Saran;4;Ceintures urbaines;16679;34,6;0,0;0,0;63,0;0,0;2,4;0,1;Loiret;Centre-Val de Loire;1;10;0;1;0;0;0;0;1;1;19;21;0;4;0;1;2;52;8;2;9;25;1;2;1;0;4
47157;47157;Marmande;2;Centres urbains intermédiaires;17239;0,0;55,8;0,0;27,7;0,0;14,7;1,8;Lot-et-Garonne;Nouvelle-Aquitaine;1;4;1;1;2;1;1;1;0;0;19;2;0;1;1;4;0;0;1;1;32;20;6;10;0;2;12
48095;48095;Mende;3;Petites villes;12316;0,0;42,7;0,0;49,2;0,0;6,4;1,7;LozÃ¨re;Occitanie;1;3;1;4;0;1;0;3;2;2;14;1;0;0;2;2;2;1;1;2;19;17;3;4;0;0;6
49015;49015;Avrillé;1;Grands centres urbains;14938;68,6;0,0;0,0;28,5;0,0;2,0;0,9;Maine-et-Loire;Pays de la Loire;0;0;0;2;0;0;0;0;1;1;18;0;0;0;1;1;1;0;0;2;15;18;6;8;2;4;8
49018;49018;Baugé-en-Anjou;6;Rural à habitat dispersé;11757;0,0;0,0;0,0;0,0;30,8;43,2;26,0;Maine-et-Loire;Pays de la Loire;1;1;0;2;0;1;1;0;0;0;11;0;0;0;0;1;0;19;0;1;11;10;4;4;0;0;2
49050;49050;Brissac Loire Aubance;5;Bourgs ruraux;10895;0,0;0,0;0,0;3,9;48,4;36,0;11,7;Maine-et-Loire;Pays de la Loire;0;0;0;3;0;0;0;0;0;0;9;0;0;0;0;0;0;0;0;2;12;16;4;2;0;0;9
49069;49069;Orée d'Anjou;5;Bourgs ruraux;16709;0,0;0,0;0,0;0,0;51,7;35,0;13,3;Maine-et-Loire;Pays de la Loire;0;0;0;7;0;0;0;0;0;0;9;0;0;0;0;0;0;0;0;2;17;10;6;4;0;0;4
49125;49125;Doué-en-Anjou;3;Petites villes;11228;0,0;0,0;58,7;0,0;0,0;31,7;9,6;Maine-et-Loire;Pays de la Loire;0;0;0;1;0;0;0;0;1;1;10;0;0;0;0;0;0;0;0;2;13;10;6;7;0;0;4
49218;49218;Montrevault-sur-Èvre;5;Bourgs ruraux;15755;0,0;0,0;0,0;0,0;45,5;36,8;17,7;Maine-et-Loire;Pays de la Loire;0;0;0;14;0;0;0;0;0;0;6;0;0;0;0;0;0;0;0;3;12;9;10;4;0;1;4
49244;49244;Mauges-sur-Loire;5;Bourgs ruraux;18331;0,0;0,0;0,0;0,0;60,1;26,0;13,9;Maine-et-Loire;Pays de la Loire;3;2;0;11;0;1;0;0;0;0;16;2;0;0;0;0;0;0;0;2;18;15;6;5;0;1;6
49246;49246;Les Ponts-de-Cé;1;Grands centres urbains;12725;59,8;0,0;0,0;36,4;0,0;3,1;0,7;Maine-et-Loire;Pays de la Loire;1;0;0;1;0;0;0;0;1;1;15;0;1;0;0;1;0;0;0;1;9;17;7;5;0;0;7
49307;49307;Loire-Authion;5;Bourgs ruraux;16416;0,0;0,0;0,0;0,0;60,7;33,5;5,9;Maine-et-Loire;Pays de la Loire;0;0;0;7;0;0;0;0;0;0;12;0;0;0;0;0;0;0;0;1;20;13;3;2;0;0;6
49331;49331;Segré-en-Anjou Bleu;5;Bourgs ruraux;17699;0,0;0,0;40,6;0,0;10,8;33,5;15,1;Maine-et-Loire;Pays de la Loire;1;3;0;11;0;0;0;0;0;0;18;1;0;0;0;5;0;1;0;2;24;5;3;4;1;0;6
49353;49353;Trélazé;1;Grands centres urbains;15358;73,8;0,0;0,0;25,9;0,0;0,1;0,2;Maine-et-Loire;Pays de la Loire;0;0;0;1;0;1;0;0;0;0;25;19;0;14;1;6;8;10;0;1;10;35;8;1;1;0;5
50025;50025;Avranches;2;Centres urbains intermédiaires;10240;0,0;52,2;0,0;42,0;0,0;5,8;0,1;Manche;Normandie;1;3;0;2;1;1;0;0;0;0;20;4;0;7;0;8;0;10;1;4;13;18;1;5;3;1;6
50041;50041;La Hague;6;Rural à habitat dispersé;11223;0,0;0,0;0,0;1,0;22,1;66,0;10,9;Manche;Normandie;0;0;0;12;0;1;3;0;0;0;4;0;0;0;0;0;0;0;0;1;17;9;2;2;0;0;2
50099;50099;Carentan-les-Marais;3;Petites villes;10220;0,0;0,0;58,7;0,0;0,0;29,9;11,4;Manche;Normandie;1;2;0;1;0;0;0;0;0;0;9;0;0;0;0;1;0;6;3;1;10;7;2;3;1;0;2
50218;50218;Granville;2;Centres urbains intermédiaires;12581;0,0;76,6;0,0;20,1;0,0;2,0;1,3;Manche;Normandie;1;3;1;1;1;4;0;0;1;1;16;2;2;2;3;8;0;3;1;3;27;20;8;7;2;2;10
50502;50502;Saint-Lô;2;Centres urbains intermédiaires;19373;0,0;68,9;0,0;26,1;0,0;4,4;0,7;Manche;Normandie;1;9;1;3;1;2;0;2;2;1;17;2;2;3;2;4;0;6;3;2;21;20;10;9;4;2;11
51573;51573;Tinqueux;1;Grands centres urbains;10552;90,8;0,0;0,0;8,7;0,0;0,0;0,4;Marne;Grand Est;0;0;0;1;0;0;0;0;0;0;13;0;0;0;0;1;0;4;0;1;12;8;1;2;1;0;3
51649;51649;Vitry-le-François;2;Centres urbains intermédiaires;11454;0,0;86,7;0,0;9,8;0,0;3,5;0,0;Marne;Grand Est;1;3;0;2;0;1;0;0;1;0;18;1;1;3;1;2;0;2;1;2;12;15;2;6;1;1;1
53062;53062;Château-Gontier-sur-Mayenne;2;Centres urbains intermédiaires;16710;0,0;49,0;0,0;38,0;0,0;8,0;5,0;Mayenne;Pays de la Loire;1;3;1;1;1;1;0;1;2;2;17;0;0;1;0;2;0;1;1;2;19;15;7;5;1;0;8
53147;53147;Mayenne;2;Centres urbains intermédiaires;12900;0,0;51,6;0,0;42,1;0,0;4,8;1,5;Mayenne;Pays de la Loire;1;3;1;1;1;1;0;0;2;2;9;1;2;1;3;2;0;11;2;3;22;14;4;6;1;0;6
54304;54304;Laxou;1;Grands centres urbains;14671;92,6;0,0;0,0;6,3;0,0;1,1;0,1;Meurthe-et-Moselle;Grand Est;0;0;0;3;0;0;0;0;0;0;22;0;1;0;1;2;0;0;0;1;13;24;8;0;0;0;5
54323;54323;Longwy;2;Centres urbains intermédiaires;15191;0,0;78,4;0,0;20,7;0,0;0,9;0,0;Meurthe-et-Moselle;Grand Est;1;7;0;2;0;1;0;1;0;0;16;1;3;0;0;1;2;0;0;0;16;15;8;6;0;0;2
54329;54329;Lunéville;2;Centres urbains intermédiaires;17755;0,0;74,8;0,0;23,5;0,0;1,4;0,3;Meurthe-et-Moselle;Grand Est;1;0;0;2;0;1;0;1;1;1;30;3;1;3;0;3;1;0;2;6;29;22;16;5;0;0;4
54431;54431;Pont-à-Mousson;2;Centres urbains intermédiaires;14338;0,0;70,1;0,0;22,2;0,2;7,0;0,4;Meurthe-et-Moselle;Grand Est;1;2;0;1;0;1;0;0;0;0;21;7;2;1;1;3;1;1;2;4;25;19;11;6;1;0;1
54482;54482;Saint-Max;1;Grands centres urbains;10073;99,1;0,0;0,0;0,9;0,0;0,0;0,0;Meurthe-et-Moselle;Grand Est;1;2;0;1;0;0;0;0;0;0;15;0;1;0;1;0;0;2;2;2;13;17;4;5;0;0;3
54528;54528;Toul;2;Centres urbains intermédiaires;15849;0,0;77,0;0,0;17,8;0,0;4,2;1,0;Meurthe-et-Moselle;Grand Est;1;1;0;2;0;1;0;1;0;0;21;3;2;2;0;2;1;28;3;7;30;21;12;8;0;1;4
54578;54578;Villers-lès-Nancy;4;Ceintures urbaines;14761;49,9;0,0;0,0;50,0;0,0;0,0;0,1;Meurthe-et-Moselle;Grand Est;0;0;0;0;0;0;1;0;0;0;12;0;0;0;0;0;0;2;1;2;15;21;11;2;0;0;10
54580;54580;Villerupt;4;Ceintures urbaines;10069;0,0;0,0;0,0;94,7;0,0;5,0;0,3;Meurthe-et-Moselle;Grand Est;1;1;0;2;0;0;0;0;0;0;6;0;0;0;0;0;1;2;0;0;7;4;6;2;0;0;0
55029;55029;Bar-le-Duc;2;Centres urbains intermédiaires;14668;0,0;68,8;0,0;26,6;0,0;4,1;0,5;Meuse;Grand Est;1;5;1;2;1;1;0;1;1;2;14;16;2;5;2;2;2;28;2;2;18;14;2;4;2;1;7
55545;55545;Verdun;2;Centres urbains intermédiaires;16689;0,0;58,9;0,0;38,0;0,0;2,6;0,6;Meuse;Grand Est;1;8;0;1;0;1;0;1;1;1;7;1;1;0;1;2;2;4;1;0;26;14;7;4;1;0;4
56007;56007;Auray;2;Centres urbains intermédiaires;14222;0,0;74,4;0,0;21,9;0,0;3,8;0,0;Morbihan;Bretagne;1;5;0;1;0;0;0;1;1;1;30;6;1;1;1;4;0;14;1;3;56;47;14;9;2;2;23
56078;56078;Guidel;4;Ceintures urbaines;11947;0,0;0,0;0,0;65,3;0,0;31,3;3,5;Morbihan;Bretagne;0;0;0;1;0;0;0;0;0;0;10;0;0;0;1;0;0;0;0;1;17;18;4;2;2;0;2
56083;56083;Hennebont;3;Petites villes;15746;0,0;38,4;0,0;56,6;0,0;4,5;0,5;Morbihan;Bretagne;0;0;0;1;0;0;0;1;0;0;12;1;2;0;0;5;0;1;0;6;48;21;10;5;1;0;7
56162;56162;Ploemeur;4;Ceintures urbaines;18591;3,3;0,0;0,0;72,6;5,9;17,3;0,8;Morbihan;Bretagne;0;0;0;1;1;0;0;1;0;0;20;2;2;2;0;1;0;3;1;4;70;31;8;5;0;1;9
56178;56178;Pontivy;2;Centres urbains intermédiaires;14774;0,0;56,3;0,0;31,8;0,0;11,6;0,3;Morbihan;Bretagne;1;5;1;1;0;0;0;1;0;0;9;1;1;0;1;0;1;3;0;5;14;13;3;8;2;4;6
56206;56206;Saint-Avé;4;Ceintures urbaines;11927;0,3;0,0;0,0;85,9;0,0;13,9;0,0;Morbihan;Bretagne;0;0;0;1;0;0;0;0;2;1;11;0;0;0;0;0;0;0;0;2;17;13;4;3;1;1;4
57019;57019;Amnéville;2;Centres urbains intermédiaires;10828;0,0;88,3;0,0;0,0;9,0;2,0;0,7;Moselle;Grand Est;1;0;1;1;0;0;0;0;0;0;17;1;0;0;0;1;0;0;0;2;5;11;6;2;0;0;0
57160;57160;Creutzwald;4;Ceintures urbaines;12514;0,0;0,0;0,0;99,2;0,0;0,0;0,8;Moselle;Grand Est;0;0;0;1;0;0;0;0;0;0;8;4;0;0;0;1;0;2;2;3;28;11;3;1;0;0;0
57206;57206;Fameck;1;Grands centres urbains;14798;74,8;0,0;0,0;25,1;0,0;0,0;0,2;Moselle;Grand Est;0;0;0;1;0;0;0;0;0;0;10;0;0;0;0;0;0;3;0;2;16;7;4;2;1;0;1
57221;57221;Florange;1;Grands centres urbains;11869;99,0;0,0;0,0;0,0;0,0;0,5;0,5;Moselle;Grand Est;0;0;0;1;0;0;0;0;1;1;8;0;0;0;0;0;0;0;0;2;16;6;6;3;0;0;0
57240;57240;Freyming-Merlebach;2;Centres urbains intermédiaires;13027;0,0;68,1;0,0;27,5;0,0;4,4;0,0;Moselle;Grand Est;1;10;0;1;0;0;0;1;0;0;8;2;1;0;0;1;1;1;1;1;38;7;0;2;1;0;1
57306;57306;Hayange;1;Grands centres urbains;15968;65,2;0,0;0,0;30,9;0,0;3,8;0,1;Moselle;Grand Est;0;0;0;1;0;0;0;0;0;0;12;17;0;0;0;1;1;5;2;2;28;11;6;3;1;0;4
57433;57433;Maizières-lès-Metz;2;Centres urbains intermédiaires;11792;0,0;77,8;0,0;20,3;0,0;1,6;0,3;Moselle;Grand Est;0;0;0;1;0;0;0;0;0;0;7;0;0;0;0;0;0;0;0;1;15;3;4;1;0;0;0
57606;57606;Saint-Avold;2;Centres urbains intermédiaires;15045;0,0;51,1;0,0;44,6;0,0;3,8;0,5;Moselle;Grand Est;1;1;0;1;0;0;0;2;0;0;20;3;1;6;1;2;5;2;5;7;50;18;7;8;0;0;9
57630;57630;Sarrebourg;2;Centres urbains intermédiaires;12359;0,0;59,6;0,0;34,5;0,0;5,5;0,3;Moselle;Grand Est;1;5;1;1;0;1;0;1;0;0;17;2;1;1;3;2;1;2;1;2;33;16;7;6;1;0;3
57660;57660;Stiring-Wendel;2;Centres urbains intermédiaires;11067;0,0;71,9;0,0;28,1;0,0;0,0;0,0;Moselle;Grand Est;0;0;0;1;0;0;0;0;0;0;6;0;0;0;0;0;0;0;0;1;38;12;2;1;1;0;0
57751;57751;Woippy;1;Grands centres urbains;14302;77,2;0,0;0,0;21,2;0,0;0,8;0,8;Moselle;Grand Est;0;0;0;0;0;0;0;0;0;0;13;0;1;0;0;1;0;0;0;3;31;14;7;3;0;1;1
57757;57757;Yutz;2;Centres urbains intermédiaires;17401;0,0;66,0;0,0;33,1;0,0;0,8;0,0;Moselle;Grand Est;0;0;0;1;0;0;0;0;0;0;22;0;0;0;0;1;1;2;2;2;30;21;12;5;1;0;7
59011;59011;Annœullin;2;Centres urbains intermédiaires;10780;0,0;77,8;0,0;19,0;0,0;3,0;0,1;Nord;Hauts-de-France;0;0;0;1;0;0;0;0;0;0;11;0;1;0;0;0;0;3;0;3;10;14;7;5;0;0;4
59014;59014;Anzin;1;Grands centres urbains;13422;100,0;0,0;0,0;0,0;0,0;0,0;0,0;Nord;Hauts-de-France;0;0;0;1;0;1;0;0;1;1;11;6;3;0;4;7;1;0;1;1;35;30;13;5;1;0;5
59043;59043;Bailleul;2;Centres urbains intermédiaires;14869;0,0;71,6;0,0;5,3;3,5;15,6;4,0;Nord;Hauts-de-France;1;1;0;2;0;2;0;0;0;0;22;26;1;2;0;1;0;0;2;3;20;24;10;5;1;0;10
59112;59112;Bruay-sur-l'Escaut;1;Grands centres urbains;11309;95,3;0,0;0,0;1,4;0,0;3,2;0,1;Nord;Hauts-de-France;0;0;0;1;0;0;0;0;0;0;7;0;0;0;0;0;0;0;0;0;14;8;6;2;0;0;1
59139;59139;Caudry;2;Centres urbains intermédiaires;14070;0,0;60,8;0,0;34,7;0,0;4,4;0,1;Nord;Hauts-de-France;1;2;0;2;0;1;0;0;1;1;9;1;0;0;0;0;2;7;1;2;19;13;5;5;2;0;0
59152;59152;Comines;2;Centres urbains intermédiaires;12671;0,0;63,8;0,0;32,0;0,0;3,3;1,0;Nord;Hauts-de-France;0;0;0;1;0;0;0;0;0;0;15;1;0;4;0;0;0;0;0;1;10;20;8;2;1;0;0
59179;59179;Douchy-les-Mines;2;Centres urbains intermédiaires;10207;0,0;65,2;0,0;32,2;0,0;2,4;0,2;Nord;Hauts-de-France;1;1;0;1;0;1;0;0;0;0;11;0;0;0;0;0;0;0;1;0;10;8;4;2;0;0;1
59220;59220;Faches-Thumesnil;1;Grands centres urbains;18110;94,4;0,0;0,0;5,6;0,0;0,0;0,0;Nord;Hauts-de-France;0;0;0;1;0;0;0;0;0;0;18;0;0;0;4;0;0;0;0;0;14;35;10;2;1;0;3
59249;59249;Fourmies;2;Centres urbains intermédiaires;11456;0,0;80,1;0,0;14,6;0,0;4,0;1,3;Nord;Hauts-de-France;1;1;0;1;1;2;0;0;1;1;6;1;1;0;0;0;0;9;1;2;11;6;3;1;1;0;2
59273;59273;Gravelines;3;Petites villes;11223;0,0;0,0;96,0;0,0;0,0;3,6;0,5;Nord;Hauts-de-France;1;2;0;2;0;1;0;1;0;0;9;0;0;0;0;0;0;1;0;1;14;16;4;1;1;1;2
59286;59286;Haubourdin;1;Grands centres urbains;14757;95,4;0,0;0,0;4,0;0,0;0,5;0,0;Nord;Hauts-de-France;0;0;0;1;0;0;0;0;0;0;13;0;0;0;0;0;0;3;0;4;21;27;13;3;0;1;3
59291;59291;Hautmont;2;Centres urbains intermédiaires;14182;0,0;75,6;0,0;23,5;0,0;0,9;0,0;Nord;Hauts-de-France;1;1;0;1;0;0;0;1;0;0;14;0;0;0;0;0;1;0;0;0;19;10;10;3;0;0;3
59299;59299;Hem;1;Grands centres urbains;18713;98,1;0,0;0,0;1,2;0,0;0,7;0,0;Nord;Hauts-de-France;0;0;0;0;0;0;0;0;1;1;33;0;1;0;0;0;1;0;0;2;63;29;21;5;0;1;9
59324;59324;Jeumont;2;Centres urbains intermédiaires;10342;0,0;64,7;0,0;34,6;0,0;0,0;0,8;Nord;Hauts-de-France;1;1;0;1;0;0;0;0;2;2;10;0;0;0;0;0;0;0;0;0;13;14;3;2;1;1;0
59367;59367;Lys-lez-Lannoy;1;Grands centres urbains;13793;100,0;0,0;0,0;0,0;0,0;0,0;0,0;Nord;Hauts-de-France;0;0;0;1;0;0;0;0;0;0;11;0;1;0;0;0;0;0;0;0;48;23;10;3;1;1;8
59383;59383;Marly;1;Grands centres urbains;12024;97,3;0,0;0,0;2,3;0,0;0,0;0,4;Nord;Hauts-de-France;0;0;0;0;0;0;0;0;0;0;14;0;0;0;0;0;0;0;0;0;25;20;5;4;0;0;2
59386;59386;Marquette-lez-Lille;1;Grands centres urbains;11213;100,0;0,0;0,0;0,0;0,0;0,0;0,0;Nord;Hauts-de-France;0;0;1;1;0;0;0;1;0;0;9;0;0;0;0;1;1;0;0;1;28;28;7;2;0;1;6
59421;59421;Mouvaux;1;Grands centres urbains;13173;100,0;0,0;0,0;0,0;0,0;0,0;0,0;Nord;Hauts-de-France;0;0;0;1;0;0;0;0;0;0;15;0;0;0;1;0;0;0;1;4;12;18;6;2;2;0;8
59426;59426;Neuville-en-Ferrain;1;Grands centres urbains;10160;93,5;0,0;0,0;5,2;0,0;1,3;0,0;Nord;Hauts-de-France;0;0;0;0;0;0;0;0;0;0;8;0;0;0;0;0;0;0;0;1;16;27;9;3;0;0;3
59491;59491;Raismes;1;Grands centres urbains;12055;52,2;0,0;0,0;45,5;0,0;1,6;0,7;Nord;Hauts-de-France;0;0;0;1;0;0;0;0;0;0;12;0;0;0;0;0;0;0;0;1;16;11;3;3;0;0;1
59507;59507;Ronchin;1;Grands centres urbains;19437;100,0;0,0;0,0;0,0;0,0;0,0;0,0;Nord;Hauts-de-France;0;0;0;1;0;0;0;0;1;1;14;0;0;0;0;1;1;0;0;2;23;24;12;5;1;0;11
59508;59508;Roncq;1;Grands centres urbains;13784;71,1;0,0;0,0;25,2;0,0;3,7;0,0;Nord;Hauts-de-France;1;1;0;1;0;1;0;1;0;0;13;0;0;0;0;1;1;0;0;3;23;20;7;4;1;2;7
59526;59526;Saint-Amand-les-Eaux;2;Centres urbains intermédiaires;15980;0,0;51,4;0,0;44,0;0,0;3,9;0,8;Nord;Hauts-de-France;1;0;0;1;0;1;0;0;0;0;26;2;1;2;0;2;0;4;2;3;25;31;9;7;1;0;6
59527;59527;Saint-André-lez-Lille;1;Grands centres urbains;12942;98,9;0,0;0,0;0,0;0,0;1,1;0,0;Nord;Hauts-de-France;0;0;0;0;0;0;0;0;1;1;16;3;0;0;2;1;0;0;0;1;30;24;8;2;1;0;10
59544;59544;Saint-Saulve;1;Grands centres urbains;11117;82,1;0,0;0,0;15,6;0,0;1,9;0,4;Nord;Hauts-de-France;0;0;0;0;0;0;0;0;0;0;16;1;0;1;0;0;1;0;9;3;19;19;10;3;0;0;3
59560;59560;Seclin;2;Centres urbains intermédiaires;12834;0,0;75,5;0,0;18,6;0,8;4,9;0,3;Nord;Hauts-de-France;0;0;0;1;0;0;0;1;0;0;10;3;0;1;0;0;4;38;6;1;26;20;12;4;0;2;10
59569;59569;Sin-le-Noble;1;Grands centres urbains;15603;87,3;0,0;0,0;10,3;0,0;2,1;0,2;Nord;Hauts-de-France;0;0;0;2;0;0;0;0;0;0;14;0;0;0;0;0;0;5;0;0;26;16;5;4;0;0;0
59574;59574;Somain;2;Centres urbains intermédiaires;11790;0,0;67,8;0,0;29,2;0,0;2,9;0,1;Nord;Hauts-de-France;0;0;0;0;0;0;0;0;0;0;11;3;0;0;0;15;0;26;1;3;15;9;4;6;0;0;2
59616;59616;Vieux-Condé;4;Ceintures urbaines;10446;0,0;32,3;0,0;65,3;0,0;2,3;0,0;Nord;Hauts-de-France;0;0;0;1;0;0;0;0;1;0;11;0;0;0;0;0;0;0;0;1;15;13;2;2;0;0;0
59636;59636;Wambrechies;1;Grands centres urbains;10798;74,8;0,0;0,0;18,7;0,0;6,0;0,5;Nord;Hauts-de-France;0;0;0;0;0;0;0;0;0;0;13;0;0;0;0;0;0;0;1;2;17;24;7;3;0;2;4
59648;59648;Wattignies;1;Grands centres urbains;15531;97,4;0,0;0,0;2,6;0,0;0,0;0,0;Nord;Hauts-de-France;0;0;0;0;0;0;0;0;0;0;17;0;0;0;1;1;0;0;1;2;20;23;7;5;1;0;0
60141;60141;Chantilly;2;Centres urbains intermédiaires;10652;0,0;75,9;0,0;22,7;0,0;1,2;0,1;Oise;Hauts-de-France;1;4;0;1;0;1;2;0;0;0;19;4;1;5;1;4;3;3;5;1;9;20;6;10;1;0;15
60157;60157;Clermont;2;Centres urbains intermédiaires;10475;0,0;76,6;0,0;23,4;0,0;0,0;0,0;Oise;Hauts-de-France;1;1;0;2;0;1;0;0;0;0;8;0;0;1;2;3;0;1;1;0;11;8;5;7;0;3;3
60176;60176;Crépy-en-Valois;2;Centres urbains intermédiaires;14217;0,0;84,1;0,0;10,2;0,0;5,5;0,2;Oise;Hauts-de-France;1;0;0;1;0;1;0;1;0;0;12;1;0;0;0;1;0;10;7;2;20;11;3;4;1;2;3
60395;60395;Méru;2;Centres urbains intermédiaires;14320;0,0;87,4;0,0;10,1;0,0;2,1;0,4;Oise;Hauts-de-France;1;2;0;1;0;1;0;0;0;0;8;0;0;0;1;2;1;1;0;1;14;5;1;4;1;0;5
60414;60414;Montataire;1;Grands centres urbains;13701;69,0;0,0;0,0;30,9;0,0;0,0;0,0;Oise;Hauts-de-France;1;14;0;4;0;0;0;1;1;1;8;0;0;0;1;0;0;0;0;1;11;4;2;2;0;1;3
60471;60471;Noyon;2;Centres urbains intermédiaires;12987;0,0;67,9;0,0;30,5;0,0;1,2;0,4;Oise;Hauts-de-France;1;4;1;1;0;2;0;0;1;2;13;1;1;0;0;2;1;2;8;3;25;4;2;5;0;1;4
60509;60509;Pont-Sainte-Maxence;2;Centres urbains intermédiaires;12291;0,0;76,8;0,0;20,2;0,3;2,7;0,1;Oise;Hauts-de-France;1;2;0;1;0;0;0;0;0;0;7;1;1;0;0;1;0;0;1;1;10;9;3;4;1;2;3
60612;60612;Senlis;2;Centres urbains intermédiaires;15255;0,0;79,3;0,0;18,2;0,0;1,9;0,6;Oise;Hauts-de-France;1;1;0;2;0;2;1;0;0;0;14;4;2;1;4;1;3;16;6;4;17;19;8;6;0;4;13
61006;61006;Argentan;2;Centres urbains intermédiaires;13291;0,0;57,6;0,0;29,4;0,0;12,8;0,2;Orne;Normandie;1;3;1;1;0;0;0;1;1;2;14;3;1;0;0;3;0;0;2;2;21;10;1;5;2;3;4
61169;61169;Flers;2;Centres urbains intermédiaires;14482;0,0;59,6;0,0;34,2;0,0;5,9;0,2;Orne;Normandie;1;4;0;1;1;2;0;1;1;1;10;1;0;0;0;1;0;8;1;2;35;15;3;6;1;0;4
62048;62048;Auchel;2;Centres urbains intermédiaires;10062;0,0;65,3;0,0;33,5;0,0;1,3;0,0;Pas-de-Calais;Hauts-de-France;1;1;0;1;0;0;0;0;0;0;7;0;0;0;0;0;0;0;0;2;22;12;4;4;0;0;0
62065;62065;Avion;1;Grands centres urbains;17672;94,0;0,0;0,0;5,9;0,0;0,0;0,1;Pas-de-Calais;Hauts-de-France;1;1;0;2;0;0;0;0;0;0;11;0;0;0;0;0;0;0;0;1;27;10;10;3;1;0;3
62108;62108;Berck;2;Centres urbains intermédiaires;13298;0,0;77,1;0,0;22,3;0,0;0,0;0,6;Pas-de-Calais;Hauts-de-France;1;0;0;1;0;1;0;0;0;0;12;0;0;0;0;1;0;17;1;0;44;24;6;3;1;1;5
62186;62186;Bully-les-Mines;2;Centres urbains intermédiaires;12221;0,0;83,8;0,0;15,8;0,0;0,4;0,0;Pas-de-Calais;Hauts-de-France;0;0;0;1;0;0;0;0;0;0;5;0;0;0;0;0;0;4;0;0;14;15;4;2;0;0;0
62215;62215;Carvin;2;Centres urbains intermédiaires;17852;0,0;66,6;0,0;30,5;0,0;2,5;0,5;Pas-de-Calais;Hauts-de-France;0;0;0;1;0;0;0;0;0;0;14;0;1;1;0;1;0;0;0;2;26;27;16;6;0;2;8
62250;62250;Courrières;1;Grands centres urbains;10199;82,7;0,0;0,0;17,2;0,0;0,0;0,1;Pas-de-Calais;Hauts-de-France;1;1;0;1;0;0;0;0;0;0;14;0;0;0;0;0;0;0;0;0;19;24;4;1;0;0;0
62318;62318;Étaples;2;Centres urbains intermédiaires;10930;0,0;79,1;0,0;18,5;0,0;1,9;0,5;Pas-de-Calais;Hauts-de-France;0;0;0;1;0;1;0;0;0;0;17;2;2;0;0;3;0;17;1;2;27;16;6;4;3;0;1
62413;62413;Harnes;1;Grands centres urbains;12317;85,8;0,0;0,0;13,8;0,0;0,4;0,1;Pas-de-Calais;Hauts-de-France;1;1;0;1;0;1;0;0;0;0;17;0;0;0;0;0;0;0;0;2;23;10;3;3;0;0;0
62525;62525;Longuenesse;2;Centres urbains intermédiaires;10568;0,0;73,9;0,0;20,9;0,0;5,2;0,0;Pas-de-Calais;Hauts-de-France;0;0;0;1;0;0;0;0;0;0;5;2;2;0;0;2;0;0;0;0;16;8;6;3;1;0;2
62548;62548;Marck;4;Ceintures urbaines;10494;0,0;0,0;0,0;81,1;7,7;9,2;1,9;Pas-de-Calais;Hauts-de-France;0;0;0;0;0;0;1;0;0;0;3;0;0;0;0;0;0;0;0;1;10;6;2;2;0;0;0
62570;62570;Méricourt;1;Grands centres urbains;11431;100,0;0,0;0,0;0,0;0,0;0,0;0,0;Pas-de-Calais;Hauts-de-France;0;0;0;1;0;0;0;0;0;0;9;0;0;0;0;0;0;0;0;4;18;13;3;2;0;0;0
62617;62617;Nœux-les-Mines;2;Centres urbains intermédiaires;11520;0,0;72,3;0,0;27,6;0,0;0,1;0,1;Pas-de-Calais;Hauts-de-France;0;0;0;0;0;0;0;0;0;0;10;0;0;0;1;0;0;1;1;2;18;17;4;4;1;0;1
62637;62637;Oignies;2;Centres urbains intermédiaires;10210;0,0;69,8;0,0;28,3;0,0;1,6;0,3;Pas-de-Calais;Hauts-de-France;0;0;0;1;0;0;0;0;0;0;7;0;0;0;0;0;1;4;0;1;16;15;6;8;0;0;1
62643;62643;Outreau;1;Grands centres urbains;13270;89,2;0,0;0,0;10,7;0,0;0,0;0,1;Pas-de-Calais;Hauts-de-France;0;0;0;1;0;0;0;0;0;0;15;0;0;0;1;0;0;0;0;2;21;17;4;3;0;0;0
62758;62758;Saint-Martin-Boulogne;1;Grands centres urbains;10999;76,8;0,0;0,0;20,4;0,6;1,2;1,1;Pas-de-Calais;Hauts-de-France;0;0;0;0;0;0;0;0;1;1;13;8;0;4;1;2;5;30;5;3;50;20;3;2;0;0;1
62765;62765;Saint-Omer;2;Centres urbains intermédiaires;14661;0,0;88,8;0,0;8,6;0,0;2,0;0,6;Pas-de-Calais;Hauts-de-France;1;9;1;1;0;3;0;1;1;2;20;1;0;2;1;2;2;1;1;2;19;29;13;6;3;1;6
63014;63014;Aubière;1;Grands centres urbains;10211;65,5;0,0;0,0;33,6;0,0;0,7;0,2;Puy-de-DÃ´me;Auvergne-RhÃ´ne-Alpes;1;14;0;1;0;0;0;0;0;0;12;0;1;0;0;0;0;0;3;2;16;14;2;3;1;1;3
63032;63032;Beaumont;1;Grands centres urbains;10650;86,6;0,0;0,0;13,4;0,0;0,0;0,0;Puy-de-DÃ´me;Auvergne-RhÃ´ne-Alpes;0;0;0;1;0;0;0;0;0;0;14;6;0;6;0;1;3;18;15;0;15;24;1;3;0;0;3
63075;63075;Chamalières;1;Grands centres urbains;17454;93,5;0,0;0,0;6,5;0,0;0,0;0,0;Puy-de-DÃ´me;Auvergne-RhÃ´ne-Alpes;0;0;0;1;0;0;0;0;0;0;22;2;5;0;2;3;8;0;3;0;44;35;10;6;0;0;8
63164;63164;Gerzat;2;Centres urbains intermédiaires;10258;0,0;76,8;0,0;17,5;0,0;5,0;0,7;Puy-de-DÃ´me;Auvergne-RhÃ´ne-Alpes;0;0;0;1;0;0;0;0;0;0;7;0;0;0;0;0;0;0;0;1;15;12;0;2;0;1;2
63178;63178;Issoire;2;Centres urbains intermédiaires;15014;0,0;67,4;0,0;28,7;0,0;2,9;1,0;Puy-de-DÃ´me;Auvergne-RhÃ´ne-Alpes;1;3;0;1;0;0;1;1;0;0;27;4;1;2;2;2;1;2;1;3;47;38;13;10;1;1;9
63284;63284;Pont-du-Château;2;Centres urbains intermédiaires;12459;0,0;56,7;0,0;39,6;0,0;3,4;0,3;Puy-de-DÃ´me;Auvergne-RhÃ´ne-Alpes;0;0;0;1;0;0;0;0;0;0;11;0;2;0;0;1;0;1;0;3;18;15;6;3;0;0;2
63300;63300;Riom;2;Centres urbains intermédiaires;18736;0,0;69,0;0,0;26,4;0,0;3,2;1,5;Puy-de-DÃ´me;Auvergne-RhÃ´ne-Alpes;1;0;0;2;1;2;0;1;0;0;17;2;3;4;2;2;7;2;1;5;30;27;15;8;0;1;16
63430;63430;Thiers;3;Petites villes;11633;0,0;0,0;79,0;0,0;0,0;18,8;2,2;Puy-de-DÃ´me;Auvergne-RhÃ´ne-Alpes;1;3;1;1;0;2;0;1;1;3;9;1;1;0;3;1;0;0;2;2;14;11;2;4;0;3;4
64129;64129;Billère;1;Grands centres urbains;13866;89,2;0,0;0,0;10,8;0,0;0,1;0,0;PyrÃ©nÃ©es-Atlantiques;Nouvelle-Aquitaine;0;0;0;1;0;0;0;0;1;0;28;0;0;0;2;0;2;5;0;1;25;21;2;5;2;5;10
64260;64260;Hendaye;1;Grands centres urbains;17796;74,4;0,0;0,0;24,6;0,0;1,0;0,0;PyrÃ©nÃ©es-Atlantiques;Nouvelle-Aquitaine;1;1;0;1;0;1;0;0;1;1;15;4;1;4;1;1;1;0;0;2;40;54;4;6;1;1;4
64348;64348;Lons;1;Grands centres urbains;13915;71,5;0,0;0,0;25,6;0,0;2,6;0,3;PyrÃ©nÃ©es-Atlantiques;Nouvelle-Aquitaine;0;0;0;1;0;0;0;0;1;1;10;0;0;0;1;0;0;0;0;2;14;14;0;2;0;0;4
64422;64422;Oloron-Sainte-Marie;3;Petites villes;10616;0,0;0,0;90,0;0,0;0,0;6,7;3,2;PyrÃ©nÃ©es-Atlantiques;Nouvelle-Aquitaine;1;3;0;1;0;0;0;0;1;1;18;3;0;0;1;2;0;17;1;3;40;40;4;7;1;1;8
64430;64430;Orthez;3;Petites villes;10684;0,0;0,0;73,3;0,0;0,0;23,9;2,7;PyrÃ©nÃ©es-Atlantiques;Nouvelle-Aquitaine;1;2;0;2;0;2;0;0;0;0;9;4;2;3;3;8;1;13;1;2;23;17;3;5;4;1;3
64483;64483;Saint-Jean-de-Luz;2;Centres urbains intermédiaires;14601;0,0;64,7;0,0;29,1;0,0;5,7;0,5;PyrÃ©nÃ©es-Atlantiques;Nouvelle-Aquitaine;1;5;0;1;1;0;0;0;0;0;42;15;3;6;3;13;1;25;6;4;58;66;11;8;2;0;6
64545;64545;Urrugne;4;Ceintures urbaines;10543;12,3;2,0;0,0;44,0;8,1;31,0;2,7;PyrÃ©nÃ©es-Atlantiques;Nouvelle-Aquitaine;1;0;0;0;0;0;0;0;0;0;12;0;0;0;0;0;0;0;0;3;24;26;4;3;0;0;1
65286;65286;Lourdes;2;Centres urbains intermédiaires;13509;0,0;59,4;0,0;35,8;0,0;4,2;0,6;Hautes-PyrÃ©nÃ©es;Occitanie;4;6;0;1;1;1;0;0;0;0;24;1;0;0;0;1;1;1;0;3;52;23;6;10;0;1;7
66008;66008;Argelès-sur-Mer;2;Centres urbains intermédiaires;10792;0,0;60,3;0,0;21,2;0,0;15,3;3,2;PyrÃ©nÃ©es-Orientales;Occitanie;1;1;0;1;0;0;0;0;0;0;14;4;1;0;0;5;0;13;2;3;36;44;3;6;1;0;4
66028;66028;Cabestany;1;Grands centres urbains;10338;73,9;0,0;0,0;23,3;0,0;2,5;0,3;PyrÃ©nÃ©es-Orientales;Occitanie;1;1;0;2;0;0;0;0;0;0;39;4;2;3;5;0;8;23;4;2;22;51;8;6;1;0;13
66037;66037;Canet-en-Roussillon;3;Petites villes;12598;0,0;0,0;95,1;0,0;0,0;4,3;0,6;PyrÃ©nÃ©es-Orientales;Occitanie;1;0;0;1;0;1;0;0;0;0;11;1;0;0;2;1;1;0;2;2;45;33;6;3;1;0;9
66141;66141;Pia;2;Centres urbains intermédiaires;10733;0,0;71,1;0,0;24,5;0,0;3,4;1,0;PyrÃ©nÃ©es-Orientales;Occitanie;0;0;0;1;0;0;0;0;0;0;6;0;0;0;0;0;0;0;0;0;20;10;6;1;0;1;1
66171;66171;Saint-Cyprien;4;Ceintures urbaines;11398;0,0;32,1;0,0;63,7;0,0;4,1;0,1;PyrÃ©nÃ©es-Orientales;Occitanie;0;0;0;1;0;0;0;0;0;0;8;0;0;0;0;0;0;0;0;0;34;28;4;2;1;0;2
66172;66172;Saint-Estève;1;Grands centres urbains;11550;73,5;0,0;0,0;21,0;0,0;5,5;0,0;PyrÃ©nÃ©es-Orientales;Occitanie;0;0;0;1;0;0;0;0;0;0;14;0;1;0;1;0;2;2;0;1;33;35;6;4;1;0;4
66180;66180;Saint-Laurent-de-la-Salanque;2;Centres urbains intermédiaires;10010;0,0;72,6;0,0;19,8;0,0;6,6;0,9;PyrÃ©nÃ©es-Orientales;Occitanie;0;0;0;1;0;0;0;0;0;0;11;1;0;0;0;2;0;8;1;0;28;18;2;7;2;0;1
67043;67043;Bischheim;1;Grands centres urbains;17939;99,5;0,0;0,0;0,4;0,0;0,0;0,2;Bas-Rhin;Grand Est;0;0;0;1;0;0;0;0;0;0;17;2;0;0;1;1;2;0;0;3;28;20;13;1;0;0;0
67046;67046;Bischwiller;2;Centres urbains intermédiaires;12435;0,0;56,5;0,0;41,0;0,0;2,4;0,1;Bas-Rhin;Grand Est;1;0;0;1;0;0;0;0;2;2;12;3;1;0;1;2;1;4;1;2;18;15;13;4;0;0;1
67067;67067;Brumath;2;Centres urbains intermédiaires;10238;0,0;53,9;0,0;39,9;0,0;6,0;0,2;Bas-Rhin;Grand Est;1;14;0;1;0;0;1;0;0;0;11;0;2;1;1;1;1;1;2;2;17;22;6;3;0;0;6
67130;67130;Erstein;2;Centres urbains intermédiaires;10887;0,0;80,0;0,0;4,2;10,2;4,3;1,3;Bas-Rhin;Grand Est;1;2;0;1;0;0;0;1;0;0;14;6;0;1;1;0;0;18;0;3;22;10;7;3;0;0;1
67204;67204;Hœnheim;1;Grands centres urbains;11469;90,2;0,0;0,0;8,8;0,0;0,9;0,0;Bas-Rhin;Grand Est;0;0;0;0;0;0;0;0;0;0;8;0;1;0;0;0;0;0;0;1;11;23;3;2;0;0;3
67348;67348;Obernai;2;Centres urbains intermédiaires;12216;0,0;69,4;0,0;24,2;1,1;5,0;0,4;Bas-Rhin;Grand Est;1;1;1;1;1;0;0;0;1;1;19;2;1;1;2;3;2;4;4;4;17;34;10;6;2;0;10
67365;67365;Ostwald;1;Grands centres urbains;13310;99,9;0,0;0,0;0,0;0,0;0,0;0,1;Bas-Rhin;Grand Est;0;0;0;0;0;0;0;0;1;2;15;0;0;0;0;0;0;0;0;1;14;27;5;4;0;0;2
67437;67437;Saverne;2;Centres urbains intermédiaires;11390;0,0;81,2;0,0;17,2;0,0;1,3;0,3;Bas-Rhin;Grand Est;1;0;0;1;0;1;1;1;1;1;19;3;3;4;3;3;1;0;0;4;21;29;7;8;1;1;10
67462;67462;Sélestat;2;Centres urbains intermédiaires;19300;0,0;77,5;0,0;19,9;0,0;2,2;0,5;Bas-Rhin;Grand Est;1;3;0;1;1;1;0;1;1;1;25;3;2;1;6;12;1;7;1;16;26;37;7;8;1;2;16
68063;68063;Cernay;2;Centres urbains intermédiaires;11745;0,0;62,9;0,0;36,2;0,0;0,7;0,3;Haut-Rhin;Grand Est;1;1;0;1;0;1;0;1;1;1;17;2;1;0;0;0;1;0;1;1;12;18;7;3;1;0;5
68112;68112;Guebwiller;2;Centres urbains intermédiaires;11137;0,0;93,2;0,0;6,1;0,0;0,7;0,0;Haut-Rhin;Grand Est;1;5;0;1;0;2;1;1;0;0;7;2;1;0;1;1;1;2;0;5;23;12;5;1;0;0;3
68154;68154;Illzach;1;Grands centres urbains;14829;91,1;0,0;0,0;8,2;0,0;0,6;0,1;Haut-Rhin;Grand Est;0;0;0;1;0;0;1;1;1;1;10;0;1;0;0;0;0;21;0;0;15;10;4;2;1;0;2
68166;68166;Kingersheim;1;Grands centres urbains;13178;99,5;0,0;0,0;0,5;0,0;0,0;0,0;Haut-Rhin;Grand Est;0;0;0;1;0;0;0;0;0;0;8;0;0;0;0;0;1;0;0;1;17;13;4;2;0;2;4
68256;68256;Pfastatt;1;Grands centres urbains;10237;100,0;0,0;0,0;0,0;0,0;0,0;0,0;Haut-Rhin;Grand Est;0;0;0;1;0;0;0;0;0;0;4;0;0;0;0;0;0;0;0;0;15;7;0;1;1;0;1
68271;68271;Riedisheim;1;Grands centres urbains;12163;80,4;0,0;0,0;17,5;0,0;1,9;0,2;Haut-Rhin;Grand Est;0;0;0;1;0;0;1;1;0;0;9;0;0;0;1;2;2;6;1;1;20;17;4;3;1;0;8
68278;68278;Rixheim;1;Grands centres urbains;13795;70,8;0,0;0,0;26,3;0,0;2,8;0,1;Haut-Rhin;Grand Est;1;1;0;0;0;1;0;1;1;1;10;4;0;0;1;2;1;2;1;2;13;30;2;3;0;0;4
68375;68375;Wittelsheim;4;Ceintures urbaines;10334;0,0;0,0;0,0;95,9;0,0;3,6;0,5;Haut-Rhin;Grand Est;0;0;0;1;0;0;0;0;0;0;4;0;0;0;0;0;0;0;0;1;7;7;2;6;0;0;1
68376;68376;Wittenheim;1;Grands centres urbains;15262;87,2;0,0;0,0;11,5;0,0;1,2;0,2;Haut-Rhin;Grand Est;1;1;0;1;0;0;0;0;0;0;10;0;0;0;0;3;0;5;1;1;17;12;1;2;1;0;2
69019;69019;Belleville-en-Beaujolais;2;Centres urbains intermédiaires;13542;0,0;53,5;0,0;38,9;0,0;6,2;1,4;RhÃ´ne;Auvergne-RhÃ´ne-Alpes;1;0;0;1;0;0;0;0;0;0;13;1;1;0;0;1;3;11;0;5;29;16;8;6;0;5;5
69027;69027;Brignais;2;Centres urbains intermédiaires;12388;0,0;51,9;0,0;45,3;0,0;2,9;0,0;RhÃ´ne;Auvergne-RhÃ´ne-Alpes;1;15;0;1;1;0;0;1;1;1;13;0;1;0;0;0;0;0;1;8;32;17;10;9;1;1;6
69069;69069;Craponne;1;Grands centres urbains;11903;82,9;0,0;0,0;17,1;0,0;0,0;0,0;RhÃ´ne;Auvergne-RhÃ´ne-Alpes;1;1;0;1;0;0;0;0;0;0;14;2;2;0;2;0;5;4;1;2;35;39;9;8;1;1;8
69081;69081;Écully;1;Grands centres urbains;18361;84,2;0,0;0,0;15,8;0,0;0,0;0,0;RhÃ´ne;Auvergne-RhÃ´ne-Alpes;1;1;0;2;0;0;0;0;1;1;31;10;2;7;15;11;25;10;25;7;24;37;10;5;1;0;20
69089;69089;Francheville;1;Grands centres urbains;15204;71,9;0,0;0,0;27,7;0,0;0,5;0,0;RhÃ´ne;Auvergne-RhÃ´ne-Alpes;1;1;0;2;0;0;0;0;0;0;9;0;0;0;1;0;1;0;0;0;14;36;8;4;1;0;8
69199;69199;Saint-Fons;1;Grands centres urbains;19360;100,0;0,0;0,0;0,0;0,0;0,0;0,0;RhÃ´ne;Auvergne-RhÃ´ne-Alpes;0;0;1;2;0;0;0;1;1;1;10;2;0;1;0;1;0;0;0;2;26;11;12;1;1;2;3
69243;69243;Tarare;2;Centres urbains intermédiaires;10428;0,0;65,2;0,0;30,7;0,0;3,6;0,6;RhÃ´ne;Auvergne-RhÃ´ne-Alpes;1;2;0;1;0;0;0;1;0;0;7;0;0;2;1;6;2;2;1;2;16;6;9;4;1;1;4
69271;69271;Chassieu;1;Grands centres urbains;11092;79,5;0,0;0,0;18,6;0,0;1,9;0,1;RhÃ´ne;Auvergne-RhÃ´ne-Alpes;0;0;1;1;0;0;0;1;1;1;9;0;0;0;1;0;1;0;0;0;5;12;3;1;0;2;5
69273;69273;Corbas;1;Grands centres urbains;10932;79,8;0,0;0,0;19,6;0,0;0,1;0,5;RhÃ´ne;Auvergne-RhÃ´ne-Alpes;0;0;0;1;0;0;0;0;1;1;28;0;1;0;0;0;0;0;0;2;14;6;5;3;2;5;4
69277;69277;Genas;4;Ceintures urbaines;13483;0,0;38,4;0,0;60,9;0,0;0,0;0,6;RhÃ´ne;Auvergne-RhÃ´ne-Alpes;0;0;0;1;0;0;0;1;0;0;10;1;0;0;0;1;0;2;1;2;4;14;11;5;1;4;11
69283;69283;Mions;2;Centres urbains intermédiaires;13707;3,8;50,2;0,0;44,1;0,0;1,8;0,1;RhÃ´ne;Auvergne-RhÃ´ne-Alpes;0;0;0;1;0;0;0;0;0;0;12;0;0;0;0;0;0;0;0;3;16;19;7;5;0;1;5
70285;70285;Héricourt;2;Centres urbains intermédiaires;10478;0,0;55,9;0,0;32,7;4,3;7,0;0,1;Haute-SaÃ´ne;Bourgogne-Franche-ComtÃ©;0;0;0;1;0;0;0;1;0;0;13;0;0;0;1;0;0;0;0;3;21;7;2;2;0;0;5
70550;70550;Vesoul;2;Centres urbains intermédiaires;15130;0,0;79,8;0,0;17,8;0,0;2,0;0,3;Haute-SaÃ´ne;Bourgogne-Franche-ComtÃ©;2;1;1;2;0;1;1;3;1;1;21;1;2;3;4;2;0;13;3;2;19;23;2;13;4;0;12
71014;71014;Autun;2;Centres urbains intermédiaires;13145;0,0;55,5;0,0;25,3;0,0;16,5;2,6;SaÃ´ne-et-Loire;Bourgogne-Franche-ComtÃ©;1;4;1;2;0;4;0;0;1;1;16;2;0;5;0;1;0;3;0;1;18;17;8;5;0;0;6
71306;71306;Montceau-les-Mines;2;Centres urbains intermédiaires;16831;0,0;48,8;0,0;46,3;0,0;4,9;0,1;SaÃ´ne-et-Loire;Bourgogne-Franche-ComtÃ©;1;3;1;1;0;0;0;0;2;3;12;2;1;1;3;2;1;10;2;0;40;19;2;4;0;0;4
72003;72003;Allonnes;2;Centres urbains intermédiaires;11013;0,0;53,7;0,0;39,2;0,0;4,9;2,2;Sarthe;Pays de la Loire;0;0;0;1;0;1;0;0;1;1;9;0;0;0;0;1;0;0;0;2;9;2;2;1;0;0;0
72154;72154;La Flèche;3;Petites villes;14937;0,0;37,7;0,0;47,0;0,0;11,4;3,9;Sarthe;Pays de la Loire;1;2;0;1;0;0;0;0;1;1;10;1;0;2;1;2;0;4;1;2;13;12;4;5;1;1;5
72264;72264;Sablé-sur-Sarthe;2;Centres urbains intermédiaires;12096;0,0;52,7;0,0;38,0;0,0;7,3;2,0;Sarthe;Pays de la Loire;2;1;1;1;0;0;0;0;1;1;13;1;1;1;0;2;0;2;0;2;19;10;3;3;0;0;2
73011;73011;Albertville;2;Centres urbains intermédiaires;19812;0,0;82,4;0,0;13,1;0,0;4,3;0,2;Savoie;Auvergne-RhÃ´ne-Alpes;2;3;1;1;2;1;0;1;1;1;18;1;1;0;1;6;1;15;1;7;23;52;7;5;3;3;14
73179;73179;La Motte-Servolex;1;Grands centres urbains;12299;64,7;0,0;0,0;18,3;0,2;16,7;0,1;Savoie;Auvergne-RhÃ´ne-Alpes;0;0;0;1;0;0;0;0;1;1;13;1;1;0;0;1;1;1;2;3;17;22;5;4;0;1;12
74042;74042;Bonneville;2;Centres urbains intermédiaires;12895;0,0;75,8;0,0;11,7;5,3;5,9;1,4;Haute-Savoie;Auvergne-RhÃ´ne-Alpes;0;0;0;1;0;0;0;0;0;0;13;1;1;0;0;0;0;1;0;8;8;17;3;4;0;0;7
74081;74081;Cluses;2;Centres urbains intermédiaires;17164;0,0;86,5;0,0;13,2;0,0;0,3;0,1;Haute-Savoie;Auvergne-RhÃ´ne-Alpes;2;2;0;1;0;0;0;1;1;1;14;3;0;3;0;2;0;4;1;2;12;32;5;9;0;3;7
74133;74133;Gaillard;1;Grands centres urbains;10175;92,3;0,0;0,0;7,7;0,0;0,0;0,0;Haute-Savoie;Auvergne-RhÃ´ne-Alpes;0;0;0;0;0;0;0;0;0;0;4;0;0;0;0;1;0;0;1;0;4;2;0;3;0;0;2
74208;74208;Passy;4;Ceintures urbaines;11068;0,0;0,0;0,0;88,1;0,0;10,9;1,0;Haute-Savoie;Auvergne-RhÃ´ne-Alpes;0;0;0;0;0;0;0;0;0;0;12;0;0;0;0;0;0;0;0;1;17;17;2;1;0;0;2
74224;74224;La Roche-sur-Foron;2;Centres urbains intermédiaires;11263;0,0;70,6;0,0;16,9;0,0;11,7;0,8;Haute-Savoie;Auvergne-RhÃ´ne-Alpes;1;1;0;1;0;0;0;1;0;0;6;0;0;0;0;0;0;1;0;7;9;17;6;5;0;1;7
74225;74225;Rumilly;2;Centres urbains intermédiaires;15998;0,0;68,3;0,0;21,2;0,0;10,4;0,1;Haute-Savoie;Auvergne-RhÃ´ne-Alpes;1;0;0;1;0;1;0;0;0;0;13;0;0;0;0;0;0;6;0;4;17;37;8;5;1;0;6
74243;74243;Saint-Julien-en-Genevois;1;Grands centres urbains;15840;87,3;0,0;0,0;9,6;0,0;2,8;0,3;Haute-Savoie;Auvergne-RhÃ´ne-Alpes;1;1;0;1;0;0;0;0;0;0;10;3;1;1;0;1;1;17;2;0;4;10;6;5;0;3;7
74256;74256;Sallanches;2;Centres urbains intermédiaires;17133;0,0;64,1;0,0;24,1;0,4;11,0;0,5;Haute-Savoie;Auvergne-RhÃ´ne-Alpes;1;10;0;1;1;0;0;0;1;1;20;1;3;0;1;2;1;17;2;7;24;42;19;7;0;3;16
76057;76057;Barentin;4;Ceintures urbaines;12154;0,0;0,4;0,0;98,4;0,0;0,6;0,6;Seine-Maritime;Normandie;1;1;0;1;0;1;0;0;0;0;16;2;1;0;0;0;0;2;1;2;15;13;7;2;1;0;1
76108;76108;Bois-Guillaume;1;Grands centres urbains;14262;89,2;0,0;0,0;9,1;0,0;1,4;0,4;Seine-Maritime;Normandie;0;0;0;0;0;0;0;0;0;0;18;6;6;6;2;1;0;2;5;1;13;32;14;6;0;5;9
76114;76114;Bolbec;2;Centres urbains intermédiaires;11635;0,0;71,6;0,0;24,1;0,0;4,1;0,3;Seine-Maritime;Normandie;1;2;0;1;0;0;0;1;0;0;5;0;0;0;0;2;0;9;0;2;25;9;3;3;1;0;0
76157;76157;Canteleu;1;Grands centres urbains;13966;76,0;0,0;0,0;20,5;0,0;3,1;0,4;Seine-Maritime;Normandie;1;1;0;1;0;2;0;0;1;1;12;0;1;0;0;0;0;3;0;1;22;4;1;3;0;0;4
76165;76165;Caudebec-lès-Elbeuf;2;Centres urbains intermédiaires;10135;0,0;87,8;0,0;12,0;0,0;0,2;0,0;Seine-Maritime;Normandie;0;0;0;1;0;0;0;0;0;0;3;0;0;0;0;0;0;0;0;0;14;3;0;0;0;0;2
76216;76216;Déville-lès-Rouen;1;Grands centres urbains;10745;100,0;0,0;0,0;0,0;0,0;0,0;0,0;Seine-Maritime;Normandie;0;0;0;1;0;0;0;1;1;1;9;0;0;0;0;0;0;0;1;1;7;11;2;3;0;0;4
76231;76231;Elbeuf;2;Centres urbains intermédiaires;15951;0,0;80,1;0,0;17,7;0,1;2,0;0,0;Seine-Maritime;Normandie;1;5;0;1;0;1;0;1;1;0;20;2;0;1;0;1;0;0;1;0;21;5;4;5;0;0;4
76259;76259;Fécamp;2;Centres urbains intermédiaires;18016;0,0;69,0;0,0;28,4;0,0;2,1;0,5;Seine-Maritime;Normandie;1;4;1;3;1;1;0;1;1;1;15;0;0;2;1;2;1;1;1;7;49;15;8;6;0;0;4
76410;76410;Maromme;1;Grands centres urbains;11024;75,5;0,0;0,0;24,4;0,0;0,1;0,0;Seine-Maritime;Normandie;1;0;0;2;0;0;0;0;0;0;16;2;0;0;0;0;3;3;0;0;20;10;2;5;0;0;0
76447;76447;Montivilliers;2;Centres urbains intermédiaires;15457;0,0;53,8;0,0;43,0;0,0;2,6;0,6;Seine-Maritime;Normandie;1;0;0;3;0;0;0;0;0;0;9;0;0;0;1;0;1;4;0;3;24;10;3;2;1;0;3
76476;76476;Port-Jérôme-sur-Seine;4;Ceintures urbaines;10387;0,0;0,0;0,0;81,7;0,0;16,4;1,9;Seine-Maritime;Normandie;1;3;0;1;0;0;0;0;1;1;7;0;0;0;0;0;0;0;0;0;6;6;0;3;0;0;0
76484;76484;Oissel;2;Centres urbains intermédiaires;12367;15,3;52,9;0,0;26,6;0,0;4,3;1,0;Seine-Maritime;Normandie;1;1;0;1;0;0;0;0;0;0;9;0;0;0;0;0;0;0;0;0;16;3;0;5;0;1;1
76758;76758;Yvetot;2;Centres urbains intermédiaires;11385;0,0;85,1;0,0;9,2;0,0;5,7;0,1;Seine-Maritime;Normandie;1;7;1;2;1;2;0;1;0;0;23;5;1;5;10;3;2;4;4;3;20;14;7;6;2;0;4
77014;77014;Avon;2;Centres urbains intermédiaires;13660;0,0;93,9;0,0;6,1;0,0;0,0;0,0;Seine-et-Marne;Ãle-de-France;0;0;0;1;0;1;0;0;0;0;13;0;0;0;0;1;1;7;1;1;13;13;3;3;0;1;9
77053;77053;Brie-Comte-Robert;2;Centres urbains intermédiaires;19213;0,0;88,0;0,0;6,4;0,0;5,2;0,4;Seine-et-Marne;Ãle-de-France;1;0;0;1;0;0;0;0;0;0;21;0;0;0;1;1;0;0;1;1;17;15;3;4;0;4;3
77067;77067;Cesson;2;Centres urbains intermédiaires;11140;0,0;92,9;0,0;5,1;0,0;1,7;0,3;Seine-et-Marne;Ãle-de-France;0;0;0;1;0;0;0;0;0;0;8;0;0;0;0;0;0;0;0;0;8;6;4;2;0;1;4
77118;77118;Claye-Souilly;2;Centres urbains intermédiaires;12282;0,0;68,2;0,0;26,4;0,0;4,8;0,7;Seine-et-Marne;Ãle-de-France;0;0;0;1;0;0;0;0;0;0;8;0;1;0;0;1;1;2;1;1;7;12;3;3;0;1;8
77131;77131;Coulommiers;2;Centres urbains intermédiaires;15250;0,0;84,4;0,0;13,1;0,0;2,4;0,1;Seine-et-Marne;Ãle-de-France;1;4;1;2;0;1;0;0;0;0;15;2;0;0;0;2;1;14;1;0;16;10;8;6;1;4;8
77153;77153;Dammartin-en-Goële;2;Centres urbains intermédiaires;11272;0,0;70,9;0,0;28,9;0,0;0,0;0,1;Seine-et-Marne;Ãle-de-France;0;0;0;1;0;0;0;0;0;0;6;1;0;1;1;1;1;3;2;1;4;5;2;4;2;4;1
77186;77186;Fontainebleau;2;Centres urbains intermédiaires;15945;0,0;92,2;0,0;7,2;0,0;0,0;0,5;Seine-et-Marne;Ãle-de-France;2;5;1;1;0;2;1;1;1;1;34;4;2;4;9;8;2;14;7;4;24;35;9;10;1;6;32
77251;77251;Lieusaint;2;Centres urbains intermédiaires;13808;0,0;87,9;0,0;11,8;0,0;0,0;0,3;Seine-et-Marne;Ãle-de-France;1;0;0;1;0;0;0;2;1;2;12;9;0;0;0;5;2;12;3;2;9;13;6;4;0;2;4
77258;77258;Lognes;1;Grands centres urbains;14650;100,0;0,0;0,0;0,0;0,0;0,0;0,0;Seine-et-Marne;Ãle-de-France;0;0;0;1;0;0;0;0;0;0;9;0;1;0;0;1;1;0;1;5;8;4;0;2;0;0;2
77296;77296;Moissy-Cramayel;2;Centres urbains intermédiaires;18248;0,0;93,9;0,0;5,8;0,0;0,0;0,4;Seine-et-Marne;Ãle-de-France;1;1;0;2;0;0;0;0;0;0;17;0;1;0;0;1;1;0;0;1;9;7;1;3;0;0;2
77307;77307;Montévrain;1;Grands centres urbains;13934;100,0;0,0;0,0;0,0;0,0;0,0;0,0;Seine-et-Marne;Ãle-de-France;0;0;0;1;0;0;0;1;0;0;3;2;0;0;0;0;1;10;3;4;7;14;4;7;0;4;2
77316;77316;Moret-Loing-et-Orvanne;2;Centres urbains intermédiaires;12581;0,0;57,0;0,0;32,1;2,7;6,7;1,5;Seine-et-Marne;Ãle-de-France;0;0;0;2;0;1;0;0;0;0;9;0;0;0;2;0;2;0;0;3;21;11;9;5;1;1;5
77333;77333;Nemours;2;Centres urbains intermédiaires;13189;0,0;84,6;0,0;14,4;0,0;0,7;0,3;Seine-et-Marne;Ãle-de-France;1;3;0;1;0;2;0;1;0;0;14;0;2;0;1;2;2;0;1;3;14;12;4;4;0;2;9
77337;77337;Noisiel;1;Grands centres urbains;15461;100,0;0,0;0,0;0,0;0,0;0,0;0,0;Seine-et-Marne;Ãle-de-France;1;2;1;1;0;1;0;1;1;5;11;0;0;0;2;0;1;0;0;0;9;10;7;2;0;2;6
77379;77379;Provins;2;Centres urbains intermédiaires;11958;0,0;73,1;0,0;25,1;0,0;1,7;0,2;Seine-et-Marne;Ãle-de-France;1;4;0;1;0;1;1;1;0;0;13;2;1;0;0;4;1;4;2;3;26;11;5;4;2;1;5
77407;77407;Saint-Fargeau-Ponthierry;3;Petites villes;14516;0,0;47,3;0,0;50,9;0,0;1,3;0,5;Seine-et-Marne;Ãle-de-France;1;1;0;1;0;0;0;0;1;1;4;2;0;0;1;0;0;1;2;3;18;6;4;7;0;1;6
77464;77464;Thorigny-sur-Marne;1;Grands centres urbains;10405;79,9;0,0;0,0;19,6;0,0;0,4;0,1;Seine-et-Marne;Ãle-de-France;0;0;0;1;0;0;0;0;1;1;7;1;0;0;0;0;0;0;1;2;7;10;0;3;0;1;4
77479;77479;Vaires-sur-Marne;1;Grands centres urbains;13518;100,0;0,0;0,0;0,0;0,0;0,0;0,0;Seine-et-Marne;Ãle-de-France;1;1;1;1;0;0;0;1;0;0;2;0;0;0;0;0;0;0;0;0;7;7;0;3;0;0;5
77487;77487;Vaux-le-Pénil;1;Grands centres urbains;11174;91,1;0,0;0,0;6,7;0,0;2,2;0,1;Seine-et-Marne;Ãle-de-France;1;1;1;1;1;0;0;0;1;3;2;0;0;0;1;0;2;0;0;1;7;4;3;1;0;2;7
78015;78015;Andrésy;1;Grands centres urbains;13230;100,0;0,0;0,0;0,0;0,0;0,0;0,0;Yvelines;Ãle-de-France;0;0;0;1;0;0;0;0;0;0;14;1;1;0;0;1;0;0;0;0;11;15;1;4;1;0;5
78029;78029;Aubergenville;2;Centres urbains intermédiaires;12317;0,0;55,1;0,0;43,4;0,0;0,9;0,7;Yvelines;Ãle-de-France;1;1;1;1;0;0;0;0;0;0;17;1;0;5;1;2;0;3;1;2;7;4;6;2;0;1;0
78073;78073;Bois-d'Arcy;1;Grands centres urbains;15435;100,0;0,0;0,0;0,0;0,0;0,0;0,0;Yvelines;Ãle-de-France;1;1;0;1;0;0;0;0;1;1;13;2;1;1;0;2;0;3;0;2;9;17;6;4;0;0;6
78123;78123;Carrières-sous-Poissy;1;Grands centres urbains;18316;100,0;0,0;0,0;0,0;0,0;0,0;0,0;Yvelines;Ãle-de-France;0;0;0;1;0;0;0;1;0;0;8;0;0;0;0;0;0;0;0;1;7;16;1;3;0;0;2
78124;78124;Carrières-sur-Seine;1;Grands centres urbains;15038;100,0;0,0;0,0;0,0;0,0;0,0;0,0;Yvelines;Ãle-de-France;0;0;1;1;0;0;0;0;0;0;5;0;0;0;0;0;1;0;0;1;10;8;3;3;0;0;6
78138;78138;Chanteloup-les-Vignes;1;Grands centres urbains;10735;100,0;0,0;0,0;0,0;0,0;0,0;0,0;Yvelines;Ãle-de-France;0;0;0;1;0;0;0;0;0;0;4;0;0;0;0;0;0;0;0;1;4;1;1;0;0;0;1
78165;78165;Les Clayes-sous-Bois;1;Grands centres urbains;17237;100,0;0,0;0,0;0,0;0,0;0,0;0,0;Yvelines;Ãle-de-France;1;2;0;2;0;0;0;1;1;1;8;1;1;0;2;3;0;0;0;0;8;1;5;3;0;2;7
78190;78190;Croissy-sur-Seine;1;Grands centres urbains;10399;100,0;0,0;0,0;0,0;0,0;0,0;0,0;Yvelines;Ãle-de-France;0;0;0;1;0;1;0;1;0;0;7;0;1;0;1;2;0;0;0;0;3;9;12;3;1;2;13
78242;78242;Fontenay-le-Fleury;1;Grands centres urbains;13455;100,0;0,0;0,0;0,0;0,0;0,0;0,0;Yvelines;Ãle-de-France;1;1;0;1;0;0;0;0;1;1;7;0;0;0;0;1;1;0;0;3;10;8;7;6;0;1;4
78335;78335;Limay;1;Grands centres urbains;17626;98,7;0,0;0,0;0,3;0,0;1,0;0,0;Yvelines;Ãle-de-France;0;0;1;1;0;0;0;1;0;0;6;0;0;0;1;1;0;0;0;0;10;6;2;3;0;1;0
78372;78372;Marly-le-Roi;1;Grands centres urbains;16531;94,7;0,0;0,0;5,3;0,0;0,0;0,1;Yvelines;Ãle-de-France;1;2;1;1;0;0;0;1;1;1;32;2;3;0;1;1;2;0;1;4;12;17;7;6;0;1;10
78383;78383;Maurepas;1;Grands centres urbains;18611;90,7;0,0;0,0;7,1;0,0;2,2;0,0;Yvelines;Ãle-de-France;0;0;0;1;0;0;0;0;1;1;9;0;1;1;3;2;2;5;2;2;12;15;8;5;0;6;11
78418;78418;Montesson;1;Grands centres urbains;14511;100,0;0,0;0,0;0,0;0,0;0,0;0,0;Yvelines;Ãle-de-France;0;0;0;1;0;0;0;0;0;0;12;2;2;1;0;1;1;1;1;1;13;11;2;6;0;4;12
78481;78481;Le Pecq;1;Grands centres urbains;15832;99,9;0,0;0,0;0,0;0,0;0,1;0,0;Yvelines;Ãle-de-France;0;0;0;3;0;0;0;2;0;0;9;1;0;0;0;0;0;0;0;1;6;9;8;3;0;1;15
78624;78624;Triel-sur-Seine;1;Grands centres urbains;12388;92,2;0,0;0,0;7,6;0,0;0,0;0,2;Yvelines;Ãle-de-France;0;0;0;1;0;0;0;0;0;0;7;1;1;0;0;0;1;0;0;1;9;6;3;3;0;3;4
78642;78642;Verneuil-sur-Seine;1;Grands centres urbains;15914;75,1;0,0;0,0;23,9;0,0;1,0;0,0;Yvelines;Ãle-de-France;1;0;0;1;0;0;0;0;1;1;10;0;1;1;1;1;1;3;2;2;11;16;4;5;2;3;13
78643;78643;Vernouillet;1;Grands centres urbains;10025;77,9;0,0;0,0;19,0;0,0;2,9;0,3;Yvelines;Ãle-de-France;0;0;0;1;0;0;0;0;0;0;4;0;0;0;0;0;1;0;0;0;9;5;3;1;0;0;4
78650;78650;Le Vésinet;1;Grands centres urbains;15646;100,0;0,0;0,0;0,0;0,0;0,0;0,0;Yvelines;Ãle-de-France;1;1;0;1;0;0;0;1;1;2;15;1;2;0;13;4;2;1;2;2;13;39;11;6;1;2;23
78674;78674;Villepreux;1;Grands centres urbains;11150;98,4;0,0;0,0;0,0;0,0;1,3;0,3;Yvelines;Ãle-de-France;0;0;0;1;0;0;0;0;0;0;8;1;1;1;1;1;0;0;0;3;11;15;5;4;0;0;5
78686;78686;Viroflay;1;Grands centres urbains;16960;100,0;0,0;0,0;0,0;0,0;0,0;0,0;Yvelines;Ãle-de-France;0;0;1;1;0;0;0;0;0;0;11;0;1;0;0;1;0;1;0;2;6;8;4;6;1;5;16
78688;78688;Voisins-le-Bretonneux;1;Grands centres urbains;10721;96,0;0,0;0,0;4,0;0,0;0,0;0,0;Yvelines;Ãle-de-France;0;0;0;1;1;0;0;1;0;0;8;0;0;0;0;1;1;0;2;2;6;12;6;6;0;4;10
79049;79049;Bressuire;5;Bourgs ruraux;19906;0,0;0,0;49,7;0,0;10,3;29,0;11,0;Deux-SÃ¨vres;Nouvelle-Aquitaine;1;0;1;5;0;1;0;2;2;2;15;0;0;1;0;3;0;1;0;4;17;19;3;7;1;2;4
79202;79202;Parthenay;3;Petites villes;10058;0,0;0,0;94,6;0,0;0,0;5,3;0,1;Deux-SÃ¨vres;Nouvelle-Aquitaine;1;2;0;1;0;1;0;1;0;0;9;0;0;0;0;0;0;2;2;5;17;21;3;5;1;1;9
79329;79329;Thouars;3;Petites villes;14000;0,0;0,0;73,5;0,0;4,0;18,2;4,2;Deux-SÃ¨vres;Nouvelle-Aquitaine;1;1;1;4;0;3;0;1;1;1;15;1;0;0;2;1;0;2;1;3;25;13;3;4;1;0;0
81099;81099;Gaillac;2;Centres urbains intermédiaires;15663;0,0;44,4;0,0;36,5;0,0;15,1;4,0;Tarn;Occitanie;1;4;0;1;0;3;0;0;0;0;22;2;1;0;0;3;0;0;0;6;32;22;13;5;2;7;14
81105;81105;Graulhet;3;Petites villes;13166;0,0;0,0;78,8;0,0;0,0;17,5;3,7;Tarn;Occitanie;1;0;0;1;0;0;0;0;1;1;7;0;0;0;1;0;0;1;1;1;19;9;8;2;0;1;3
81140;81140;Lavaur;3;Petites villes;10830;0,0;0,0;82,8;0,0;0,0;10,8;6,4;Tarn;Occitanie;1;1;0;1;1;1;0;0;0;0;12;8;1;2;0;7;2;0;2;3;40;24;8;5;1;4;3
81163;81163;Mazamet;2;Centres urbains intermédiaires;10064;0,0;57,9;0,0;28,3;0,0;9,7;4,2;Tarn;Occitanie;1;2;0;2;0;0;0;0;1;1;12;4;0;0;1;3;0;15;0;2;53;11;1;6;1;0;3
82033;82033;Castelsarrasin;3;Petites villes;14178;0,0;0,0;63,1;0,0;0,0;32,0;4,9;Tarn-et-Garonne;Occitanie;1;1;0;1;0;0;0;0;0;0;6;1;0;0;0;2;0;0;1;2;36;11;3;4;1;0;2
82112;82112;Moissac;3;Petites villes;13748;0,0;0,0;65,3;0,0;0,0;27,5;7,1;Tarn-et-Garonne;Occitanie;1;6;0;1;0;1;0;0;1;1;12;1;0;5;1;2;0;1;0;1;26;19;3;4;0;2;5
83016;83016;Le Beausset;3;Petites villes;10007;0,0;0,0;80,0;0,0;0,0;19,3;0,7;Var;Provence-Alpes-CÃ´te d'Azur;0;0;0;1;0;0;0;0;0;0;11;1;1;0;2;1;2;0;0;1;35;25;6;3;0;0;7
83023;83023;Brignoles;2;Centres urbains intermédiaires;17664;0,0;67,1;0,0;21,2;0,0;9,1;2,6;Var;Provence-Alpes-CÃ´te d'Azur;1;2;0;1;0;2;0;1;0;0;13;2;1;3;1;2;3;3;3;2;58;33;3;5;1;0;7
83042;83042;Cogolin;2;Centres urbains intermédiaires;11762;0,0;60,6;0,0;24,9;9,4;2,7;2,5;Var;Provence-Alpes-CÃ´te d'Azur;1;1;1;1;0;0;0;0;0;0;9;2;1;1;1;1;0;3;1;1;21;23;3;3;0;0;1
83047;83047;La Crau;2;Centres urbains intermédiaires;19179;0,0;54,8;0,0;38,2;0,0;6,3;0,8;Var;Provence-Alpes-CÃ´te d'Azur;0;0;0;0;0;0;0;1;0;0;25;0;0;0;0;1;0;0;0;6;38;48;8;6;0;3;1
83049;83049;Cuers;2;Centres urbains intermédiaires;12550;0,0;56,3;0,0;21,4;0,0;19,5;2,8;Var;Provence-Alpes-CÃ´te d'Azur;0;0;0;0;0;0;0;1;0;0;9;0;0;0;1;2;0;0;1;2;21;19;5;3;0;1;1
83071;83071;La Londe-les-Maures;3;Petites villes;11442;0,0;0,0;72,2;0,0;0,0;24,3;3,5;Var;Provence-Alpes-CÃ´te d'Azur;0;0;0;0;0;0;1;0;0;0;12;0;0;0;0;0;0;0;0;1;50;29;3;4;0;0;0
83073;83073;Le Luc;3;Petites villes;11053;0,0;0,0;66,4;0,0;13,1;17,2;3,3;Var;Provence-Alpes-CÃ´te d'Azur;1;1;0;1;0;0;0;0;0;0;6;0;0;1;0;1;0;0;0;1;18;6;1;1;0;1;2
83090;83090;Ollioules;4;Ceintures urbaines;14011;15,7;39,3;0,0;43,7;0,0;0,8;0,4;Var;Provence-Alpes-CÃ´te d'Azur;0;0;0;1;0;0;0;0;0;0;25;17;3;2;6;2;0;15;2;0;91;59;8;4;0;1;5
83098;83098;Le Pradet;1;Grands centres urbains;10728;77,1;0,0;0,0;18,2;0,0;4,5;0,2;Var;Provence-Alpes-CÃ´te d'Azur;1;0;0;1;0;0;0;0;1;1;15;1;1;0;2;1;1;0;1;3;37;36;6;6;0;0;5
83107;83107;Roquebrune-sur-Argens;5;Bourgs ruraux;14448;0,0;0,0;0,0;0,0;72,7;24,3;3,0;Var;Provence-Alpes-CÃ´te d'Azur;0;0;0;3;0;0;0;1;0;0;14;0;3;0;0;1;0;0;0;2;39;20;7;5;1;0;2
83112;83112;Saint-Cyr-sur-Mer;2;Centres urbains intermédiaires;12103;0,0;45,1;0,0;40,8;0,0;13,6;0,5;Var;Provence-Alpes-CÃ´te d'Azur;1;1;0;1;0;0;0;0;0;0;17;1;2;0;1;3;3;5;2;2;105;50;11;7;0;1;12
83115;83115;Sainte-Maxime;2;Centres urbains intermédiaires;14433;0,0;46,4;0,0;31,1;11,5;9,5;1,5;Var;Provence-Alpes-CÃ´te d'Azur;1;3;0;1;0;0;0;1;0;0;15;1;1;2;1;3;2;2;3;1;31;31;4;8;0;1;6
83116;83116;Saint-Maximin-la-Sainte-Baume;3;Petites villes;17631;0,0;32,6;0,0;58,1;0,0;7,3;2,1;Var;Provence-Alpes-CÃ´te d'Azur;1;1;1;1;0;0;0;0;0;0;17;1;1;0;2;7;1;7;1;4;43;31;10;6;0;2;8
83123;83123;Sanary-sur-Mer;1;Grands centres urbains;17268;67,3;0,0;0,0;28,0;0,0;4,4;0,3;Var;Provence-Alpes-CÃ´te d'Azur;1;1;0;1;0;0;0;1;1;1;21;1;3;0;1;1;2;3;2;3;146;55;7;7;0;2;4
83130;83130;Solliès-Pont;2;Centres urbains intermédiaires;12080;0,0;64,0;0,0;28,4;0,0;7,1;0,5;Var;Provence-Alpes-CÃ´te d'Azur;1;1;0;1;0;0;0;0;0;0;9;2;0;1;1;0;0;11;0;1;34;16;3;4;1;0;1
83148;83148;Vidauban;3;Petites villes;12573;0,0;0,0;75,9;0,0;0,0;21,0;3,1;Var;Provence-Alpes-CÃ´te d'Azur;0;0;0;1;0;0;0;0;0;0;4;0;0;0;0;0;0;0;0;0;28;12;2;2;0;0;2
84003;84003;Apt;2;Centres urbains intermédiaires;10536;0,0;59,0;0,0;25,7;0,0;10,8;4,5;Vaucluse;Provence-Alpes-CÃ´te d'Azur;1;3;0;1;1;1;0;1;1;1;13;6;0;1;0;2;0;5;2;1;23;16;5;4;3;3;7
84019;84019;Bollène;3;Petites villes;13605;0,0;39,5;0,0;47,7;0,0;9,4;3,4;Vaucluse;Provence-Alpes-CÃ´te d'Azur;1;1;0;1;0;0;0;1;0;0;8;0;1;0;0;0;1;0;1;2;25;13;2;3;2;0;4
84054;84054;L'Isle-sur-la-Sorgue;2;Centres urbains intermédiaires;19965;0,0;47,7;0,0;37,9;0,0;13,2;1,3;Vaucluse;Provence-Alpes-CÃ´te d'Azur;1;1;0;0;1;0;0;1;0;0;18;8;1;2;0;5;0;12;2;2;62;34;10;5;1;1;8
84080;84080;Monteux;2;Centres urbains intermédiaires;13129;0,0;59,1;0,0;22,8;0,0;15,9;2,2;Vaucluse;Provence-Alpes-CÃ´te d'Azur;0;0;0;0;0;0;0;0;0;0;10;0;0;0;0;0;0;0;0;2;19;15;4;3;1;0;4
84088;84088;Pernes-les-Fontaines;3;Petites villes;10636;0,0;0,0;61,3;0,0;0,0;35,2;3,5;Vaucluse;Provence-Alpes-CÃ´te d'Azur;0;0;0;1;0;0;0;0;0;0;11;0;1;0;1;0;1;0;1;2;35;17;4;5;0;0;4
84092;84092;Le Pontet;1;Grands centres urbains;17551;95,5;0,0;0,0;1,2;0,0;3,3;0,0;Vaucluse;Provence-Alpes-CÃ´te d'Azur;1;11;0;1;0;0;0;1;0;0;26;1;0;0;0;1;1;0;0;2;73;22;4;2;1;0;6
84129;84129;Sorgues;2;Centres urbains intermédiaires;19117;0,0;67,5;0,0;27,8;0,1;3,4;1,2;Vaucluse;Provence-Alpes-CÃ´te d'Azur;0;0;0;2;0;0;1;1;0;0;12;2;2;7;1;1;0;15;2;2;30;21;4;2;1;1;11
84141;84141;Vedène;2;Centres urbains intermédiaires;11457;3,6;60,9;0,0;30,0;0,0;5,2;0,3;Vaucluse;Provence-Alpes-CÃ´te d'Azur;0;0;0;0;0;0;0;0;0;0;8;0;0;0;1;0;0;0;0;0;12;18;2;2;0;0;3
85003;85003;Aizenay;3;Petites villes;10146;0,0;0,0;76,9;0,0;0,0;14,0;9,1;VendÃ©e;Pays de la Loire;1;0;0;1;0;0;0;0;0;0;5;0;0;0;0;6;0;0;0;2;11;11;2;3;0;1;5
85092;85092;Fontenay-le-Comte;3;Petites villes;13471;0,0;0,0;85,9;0,0;0,0;13,6;0,5;VendÃ©e;Pays de la Loire;1;3;0;1;0;1;0;0;2;3;12;2;3;4;1;3;0;10;2;1;17;15;4;7;3;1;4
85109;85109;Les Herbiers;3;Petites villes;16453;0,0;0,0;80,2;0,0;1,2;10,8;7,9;VendÃ©e;Pays de la Loire;1;1;0;1;0;0;0;1;1;1;15;1;1;2;0;10;0;0;9;4;9;17;9;6;4;1;4
85226;85226;Saint-Hilaire-de-Riez;3;Petites villes;12682;0,0;0,0;75,6;0,0;0,0;21,4;3,0;VendÃ©e;Pays de la Loire;0;0;0;1;0;1;0;0;0;0;5;0;0;0;0;0;0;0;0;0;15;15;2;5;0;0;1
86041;86041;Buxerolles;1;Grands centres urbains;10105;67,7;0,0;0,0;30,0;0,0;2,2;0,2;Vienne;Nouvelle-Aquitaine;1;0;0;1;0;0;0;0;0;0;10;0;1;0;0;1;1;0;0;0;12;10;3;3;0;0;7
87114;87114;Panazol;1;Grands centres urbains;11064;78,0;0,0;0,0;7,9;0,0;13,4;0,7;Haute-Vienne;Nouvelle-Aquitaine;0;0;1;1;0;0;0;0;0;0;6;0;0;0;0;0;0;0;0;0;20;12;1;3;0;1;1
87154;87154;Saint-Junien;3;Petites villes;11387;0,0;0,0;67,4;0,0;0,0;26,6;6,0;Haute-Vienne;Nouvelle-Aquitaine;1;2;0;1;0;0;0;0;1;1;14;0;2;0;1;1;0;37;1;2;21;17;8;4;2;1;2
88413;88413;Saint-Dié-des-Vosges;2;Centres urbains intermédiaires;19319;0,0;60,5;0,0;30,3;0,0;9,0;0,2;Vosges;Grand Est;2;5;0;2;1;1;0;1;1;1;24;3;3;1;1;2;0;2;3;2;34;23;10;7;1;0;4
91021;91021;Arpajon;1;Grands centres urbains;11281;99,3;0,0;0,0;0,7;0,0;0,0;0,0;Essonne;Ãle-de-France;1;5;1;1;0;0;0;0;1;2;10;4;2;1;2;6;1;3;1;1;8;15;5;6;0;2;8
91086;91086;Bondoufle;1;Grands centres urbains;10862;94,1;0,0;0,0;5,9;0,0;0,0;0,0;Essonne;Ãle-de-France;0;0;0;1;0;0;0;0;0;0;5;0;0;0;1;0;0;0;0;1;4;4;2;3;0;0;4
91161;91161;Chilly-Mazarin;1;Grands centres urbains;19938;100,0;0,0;0,0;0,0;0,0;0,0;0,0;Essonne;Ãle-de-France;1;2;1;1;0;0;0;1;0;0;10;1;0;0;2;2;0;4;1;2;18;15;7;4;1;5;8
91200;91200;Dourdan;2;Centres urbains intermédiaires;11279;0,0;87,5;0,0;9,5;0,0;1,4;1,6;Essonne;Ãle-de-France;1;2;1;1;0;1;0;1;1;1;9;2;1;0;1;1;0;0;1;2;17;16;5;5;1;5;7
91215;91215;Épinay-sous-Sénart;1;Grands centres urbains;11869;100,0;0,0;0,0;0,0;0,0;0,0;0,0;Essonne;Ãle-de-France;0;0;0;1;0;1;0;1;1;1;13;0;1;0;0;0;0;0;0;1;21;5;3;2;0;0;3
91216;91216;Épinay-sur-Orge;1;Grands centres urbains;10760;100,0;0,0;0,0;0,0;0,0;0,0;0,0;Essonne;Ãle-de-France;0;0;0;1;0;0;0;0;0;0;5;1;0;0;0;1;0;0;0;0;11;5;2;1;0;0;5
91235;91235;Fleury-Mérogis;1;Grands centres urbains;13983;100,0;0,0;0,0;0,0;0,0;0,0;0,0;Essonne;Ãle-de-France;0;0;1;1;0;0;0;0;0;0;5;0;0;0;0;0;0;0;0;0;7;2;0;0;0;0;0
91312;91312;Igny;1;Grands centres urbains;10213;100,0;0,0;0,0;0,0;0,0;0,0;0,0;Essonne;Ãle-de-France;0;0;0;1;0;0;0;0;0;0;4;0;1;0;0;1;0;0;0;2;8;6;3;2;0;1;3
91326;91326;Juvisy-sur-Orge;1;Grands centres urbains;18424;100,0;0,0;0,0;0,0;0,0;0,0;0,0;Essonne;Ãle-de-France;1;1;1;1;1;0;0;0;3;3;10;2;1;0;1;1;0;0;1;2;17;14;1;6;0;7;10
91386;91386;Mennecy;1;Grands centres urbains;15711;87,7;0,0;0,0;11,2;0,0;0,9;0,2;Essonne;Ãle-de-France;1;0;1;1;0;0;0;0;0;0;5;0;1;0;0;0;1;0;1;0;13;8;3;7;0;2;5
91432;91432;Morangis;1;Grands centres urbains;13211;100,0;0,0;0,0;0,0;0,0;0,0;0,0;Essonne;Ãle-de-France;0;0;0;1;0;0;0;0;1;1;9;0;0;1;0;0;0;0;0;0;8;7;1;2;0;0;2
91471;91471;Orsay;1;Grands centres urbains;16007;93,5;0,0;0,0;6,5;0,0;0,0;0,0;Essonne;Ãle-de-France;1;3;1;3;0;0;0;1;0;0;15;2;2;0;1;4;2;10;1;1;7;8;10;6;2;2;18
91552;91552;Saint-Germain-lès-Arpajon;1;Grands centres urbains;11305;98,8;0,0;0,0;0,0;0,0;1,0;0,2;Essonne;Ãle-de-France;0;0;0;0;0;0;0;0;3;3;1;0;0;0;0;0;3;0;1;0;3;3;0;1;0;0;1
91573;91573;Saint-Pierre-du-Perray;1;Grands centres urbains;11680;88,7;0,0;0,0;10,9;0,0;0,0;0,4;Essonne;Ãle-de-France;0;0;0;1;0;0;0;0;0;0;4;0;0;0;1;0;0;0;0;4;12;9;4;1;0;0;3
91645;91645;Verrières-le-Buisson;1;Grands centres urbains;14597;100,0;0,0;0,0;0,0;0,0;0,0;0,0;Essonne;Ãle-de-France;1;0;1;2;0;0;0;0;0;0;11;1;0;0;0;1;4;0;0;7;14;16;7;4;0;2;11
91661;91661;Villebon-sur-Yvette;1;Grands centres urbains;10322;66,5;0,0;0,0;33,5;0,0;0,0;0,0;Essonne;Ãle-de-France;0;0;1;1;0;0;0;1;0;0;3;0;0;0;0;0;1;0;0;0;5;7;4;4;0;1;8
92022;92022;Chaville;1;Grands centres urbains;19991;100,0;0,0;0,0;0,0;0,0;0,0;0,0;Hauts-de-Seine;Ãle-de-France;1;1;0;1;0;0;0;1;1;1;21;2;1;1;1;2;2;7;1;0;7;15;9;7;1;4;14
92033;92033;Garches;1;Grands centres urbains;17898;100,0;0,0;0,0;0,0;0,0;0,0;0,0;Hauts-de-Seine;Ãle-de-France;1;2;1;1;0;0;0;1;0;0;10;0;1;0;12;4;1;0;1;0;8;18;7;7;1;1;11
92077;92077;Ville-d'Avray;1;Grands centres urbains;10694;100,0;0,0;0,0;0,0;0,0;0,0;0,0;Hauts-de-Seine;Ãle-de-France;1;1;1;1;0;0;0;0;0;0;5;1;0;0;8;1;3;0;2;1;4;8;8;1;0;0;3
93013;93013;Le Bourget;1;Grands centres urbains;14832;100,0;0,0;0,0;0,0;0,0;0,0;0,0;Seine-Saint-Denis;Ãle-de-France;1;1;1;1;0;0;0;1;0;0;12;1;0;0;0;1;0;0;0;1;9;6;0;1;1;0;2
93030;93030;Dugny;1;Grands centres urbains;11328;100,0;0,0;0,0;0,0;0,0;0,0;0,0;Seine-Saint-Denis;Ãle-de-France;0;0;0;1;0;1;0;1;0;0;4;0;0;0;0;0;0;0;0;0;4;2;0;1;0;0;0
93061;93061;Le Pré-Saint-Gervais;1;Grands centres urbains;16865;100,0;0,0;0,0;0,0;0,0;0,0;0,0;Seine-Saint-Denis;Ãle-de-France;0;0;0;1;1;0;0;0;0;0;13;0;0;0;3;0;0;0;0;9;12;8;3;2;0;0;9
93062;93062;Le Raincy;1;Grands centres urbains;14877;100,0;0,0;0,0;0,0;0,0;0,0;0,0;Seine-Saint-Denis;Ãle-de-France;0;0;2;1;0;0;0;0;0;0;21;1;0;1;4;3;4;1;3;2;9;13;5;11;0;4;15
93079;93079;Villetaneuse;1;Grands centres urbains;12663;100,0;0,0;0,0;0,0;0,0;0,0;0,0;Seine-Saint-Denis;Ãle-de-France;0;0;0;2;0;0;0;0;0;0;7;0;0;0;0;0;0;0;0;0;7;1;4;0;0;0;1
94004;94004;Boissy-Saint-Léger;1;Grands centres urbains;17570;99,4;0,0;0,0;0,6;0,0;0,0;0,0;Val-de-Marne;Ãle-de-France;1;1;0;1;0;0;0;0;1;1;11;0;0;0;2;0;0;0;1;1;13;7;0;2;0;4;3
94011;94011;Bonneuil-sur-Marne;1;Grands centres urbains;18750;100,0;0,0;0,0;0,0;0,0;0,0;0,0;Val-de-Marne;Ãle-de-France;1;1;0;1;0;0;0;1;1;1;11;0;1;0;0;1;0;0;1;0;7;9;1;2;0;0;2
94015;94015;Bry-sur-Marne;1;Grands centres urbains;17400;100,0;0,0;0,0;0,0;0,0;0,0;0,0;Val-de-Marne;Ãle-de-France;0;0;1;1;0;1;0;1;0;0;22;3;1;5;1;2;4;33;9;5;4;17;8;5;0;3;9
94019;94019;Chennevières-sur-Marne;1;Grands centres urbains;18367;100,0;0,0;0,0;0,0;0,0;0,0;0,0;Val-de-Marne;Ãle-de-France;1;0;0;1;0;0;0;0;0;0;6;0;0;0;0;0;1;1;0;1;6;9;1;3;1;0;2
94037;94037;Gentilly;1;Grands centres urbains;19048;100,0;0,0;0,0;0,0;0,0;0,0;0,0;Val-de-Marne;Ãle-de-France;0;0;1;2;0;0;0;1;1;1;10;2;1;0;2;1;3;0;1;0;3;4;5;2;0;3;10
94055;94055;Ormesson-sur-Marne;1;Grands centres urbains;10540;100,0;0,0;0,0;0,0;0,0;0,0;0,0;Val-de-Marne;Ãle-de-France;1;1;0;1;0;0;0;0;0;0;9;0;0;0;0;1;0;9;1;0;9;5;3;1;0;0;2
94060;94060;La Queue-en-Brie;1;Grands centres urbains;12081;99,9;0,0;0,0;0,0;0,0;0,0;0,1;Val-de-Marne;Ãle-de-France;0;0;0;1;0;0;0;0;0;0;7;0;0;0;0;0;0;0;0;0;3;3;0;1;0;1;1
94069;94069;Saint-Maurice;1;Grands centres urbains;14603;100,0;0,0;0,0;0,0;0,0;0,0;0,0;Val-de-Marne;Ãle-de-France;0;0;0;2;0;0;0;1;0;0;8;0;1;0;1;0;2;0;0;2;8;14;3;3;0;1;9
94074;94074;Valenton;1;Grands centres urbains;14482;100,0;0,0;0,0;0,0;0,0;0,0;0,0;Val-de-Marne;Ãle-de-France;0;0;0;1;0;0;0;1;0;0;9;0;0;0;0;0;0;0;0;0;8;13;1;0;0;0;0
94075;94075;Villecresnes;1;Grands centres urbains;11642;100,0;0,0;0,0;0,0;0,0;0,0;0,0;Val-de-Marne;Ãle-de-France;0;0;0;1;0;0;0;0;0;0;7;3;0;0;2;1;0;0;1;1;6;13;2;3;0;0;6
95019;95019;Arnouville;1;Grands centres urbains;14585;100,0;0,0;0,0;0,0;0,0;0,0;0,0;Val-d'Oise;Ãle-de-France;0;0;0;1;0;0;0;0;1;1;12;2;0;1;0;0;1;1;1;1;10;9;1;2;1;0;3
95199;95199;Domont;1;Grands centres urbains;16078;96,9;0,0;0,0;3,1;0,0;0,0;0,0;Val-d'Oise;Ãle-de-France;1;1;0;1;0;0;0;0;0;0;19;3;0;4;1;2;0;8;2;2;21;20;3;6;1;1;6
95210;95210;Enghien-les-Bains;1;Grands centres urbains;11440;100,0;0,0;0,0;0,0;0,0;0,0;0,0;Val-d'Oise;Ãle-de-France;2;6;0;1;2;0;0;0;2;2;19;3;1;1;6;3;1;0;7;3;36;29;9;6;1;1;35
95218;95218;Éragny;1;Grands centres urbains;18468;100,0;0,0;0,0;0,0;0,0;0,0;0,0;Val-d'Oise;Ãle-de-France;0;0;0;1;0;0;0;0;1;1;8;0;0;0;0;0;0;0;1;2;15;8;6;2;0;4;7
95313;95313;L'Isle-Adam;2;Centres urbains intermédiaires;11846;0,0;78,0;0,0;18,8;0,0;3,1;0,1;Val-d'Oise;Ãle-de-France;1;5;0;1;0;1;0;0;0;0;16;6;2;6;3;2;3;10;9;1;18;25;4;9;3;3;11
95323;95323;Jouy-le-Moutier;1;Grands centres urbains;17175;99,2;0,0;0,0;0,9;0,0;0,0;0,0;Val-d'Oise;Ãle-de-France;1;1;0;1;0;0;0;0;1;1;13;0;0;0;1;0;1;2;0;3;10;7;2;1;1;5;5
95351;95351;Louvres;2;Centres urbains intermédiaires;12083;0,0;72,4;0,0;27,5;0,0;0,0;0,1;Val-d'Oise;Ãle-de-France;0;0;0;1;0;1;0;0;1;1;10;0;1;0;0;1;0;3;1;2;7;4;0;2;0;0;3
95394;95394;Méry-sur-Oise;1;Grands centres urbains;10046;84,7;0,0;0,0;13,6;0,0;0,6;1,1;Val-d'Oise;Ãle-de-France;1;1;0;1;0;1;0;0;0;0;2;0;0;0;0;0;0;0;0;0;5;15;2;1;0;0;1
95427;95427;Montmagny;1;Grands centres urbains;14775;100,0;0,0;0,0;0,0;0,0;0,0;0,0;Val-d'Oise;Ãle-de-France;0;0;0;1;0;1;0;0;0;0;10;1;1;0;0;1;0;0;0;0;5;4;2;2;0;0;3
95476;95476;Osny;1;Grands centres urbains;17277;83,6;0,0;0,0;16,4;0,0;0,0;0,0;Val-d'Oise;Ãle-de-France;0;0;0;1;0;0;0;0;0;0;15;3;1;5;6;16;2;16;4;3;16;4;4;4;1;1;9
95487;95487;Persan;2;Centres urbains intermédiaires;13996;0,0;90,1;0,0;9,9;0,0;0,0;0,0;Val-d'Oise;Ãle-de-France;0;0;1;1;0;0;0;0;0;0;5;0;0;0;0;0;0;0;0;2;9;4;0;1;0;0;1
95539;95539;Saint-Brice-sous-Forêt;1;Grands centres urbains;15209;100,0;0,0;0,0;0,0;0,0;0,0;0,0;Val-d'Oise;Ãle-de-France;0;0;0;2;0;0;0;0;1;1;10;0;0;0;1;2;0;0;0;1;10;11;5;2;0;0;2
95563;95563;Saint-Leu-la-Forêt;1;Grands centres urbains;15979;99,9;0,0;0,0;0,0;0,0;0,1;0,0;Val-d'Oise;Ãle-de-France;0;0;0;1;0;0;0;0;0;0;10;0;1;0;3;2;0;5;2;2;20;15;5;9;0;0;11
95598;95598;Soisy-sous-Montmorency;1;Grands centres urbains;18008;100,0;0,0;0,0;0,0;0,0;0,0;0,0;Val-d'Oise;Ãle-de-France;0;0;0;1;0;0;0;1;0;0;14;0;0;0;1;3;3;0;1;0;19;13;1;6;0;3;14
95637;95637;Vauréal;1;Grands centres urbains;16034;100,0;0,0;0,0;0,0;0,0;0,0;0,0;Val-d'Oise;Ãle-de-France;1;2;0;1;0;0;0;0;0;0;10;0;1;0;0;1;1;0;0;2;10;6;7;4;0;0;6
97107;97107;Capesterre-Belle-Eau;3;Petites villes;17731;0,0;0,0;62,0;0,0;14,1;22,0;1,9;Guadeloupe;Guadeloupe;0;0;0;1;0;0;0;0;0;0;8;0;0;0;0;1;0;1;0;2;72;23;4;0;0;0;1
97115;97115;Lamentin;4;Ceintures urbaines;18527;0,0;0,0;0,0;91,0;0,0;8,7;0,3;Guadeloupe;Guadeloupe;0;0;0;1;0;0;0;0;0;0;8;0;0;0;0;0;1;0;1;1;42;15;4;5;0;0;1
97116;97116;Morne-à-l'Eau;4;Ceintures urbaines;15898;0,0;0,0;0,0;68,1;7,4;23,4;1,1;Guadeloupe;Guadeloupe;0;0;0;1;0;0;0;0;0;0;8;0;0;0;0;0;1;1;0;2;47;26;1;2;0;0;1
97120;97120;Pointe-à-Pitre;2;Centres urbains intermédiaires;14486;0,0;98,0;0,0;1,6;0,0;0,3;0,1;Guadeloupe;Guadeloupe;1;4;0;2;0;4;0;1;0;0;27;4;1;3;3;6;6;3;10;4;146;50;11;5;0;2;14
97124;97124;Saint-Claude;4;Ceintures urbaines;10700;0,0;9,7;0,0;79,0;0,0;10,6;0,8;Guadeloupe;Guadeloupe;0;0;0;1;0;0;0;0;0;0;5;0;0;0;0;0;0;0;0;0;23;8;0;2;0;0;1
97125;97125;Saint-François;3;Petites villes;13004;0,0;0,0;66,8;0,0;8,8;22,6;1,9;Guadeloupe;Guadeloupe;0;0;0;1;0;0;0;0;0;0;19;0;2;0;1;0;2;0;1;3;66;30;9;3;0;0;4
97129;97129;Sainte-Rose;3;Petites villes;17630;0,0;0,0;43,1;23,4;10,3;21,4;1,9;Guadeloupe;Guadeloupe;0;0;0;1;0;0;1;0;0;0;9;0;0;0;0;0;0;0;1;2;77;14;4;4;0;0;0
97207;97207;Ducos;2;Centres urbains intermédiaires;17912;0,0;46,3;0,0;45,1;0,0;7,9;0,7;Martinique;Martinique;0;0;0;1;0;0;0;0;0;0;10;1;0;1;0;0;0;0;0;3;44;22;5;4;0;0;2
97210;97210;Le François;3;Petites villes;15996;0,0;0,0;38,9;23,4;0,0;36,7;1,0;Martinique;Martinique;0;0;0;1;0;1;1;0;0;0;13;0;0;0;0;1;0;0;0;3;63;28;11;2;1;3;1
97220;97220;Rivière-Pilote;4;Ceintures urbaines;11712;0,0;0,0;0,0;54,4;17,4;27,9;0,3;Martinique;Martinique;0;0;0;0;0;1;0;0;0;0;9;0;0;0;0;0;0;0;0;1;60;18;4;1;0;0;0
97221;97221;Rivière-Salée;4;Ceintures urbaines;11887;0,0;0,0;0,0;78,4;0,0;20,5;1,1;Martinique;Martinique;0;0;0;1;0;0;0;0;0;0;8;1;0;0;0;0;0;0;1;3;41;37;7;3;0;0;1
97223;97223;Saint-Esprit;4;Ceintures urbaines;10270;0,0;0,0;0,0;79,8;0,0;19,2;1,0;Martinique;Martinique;0;0;0;1;0;0;0;0;0;0;4;0;1;0;0;0;0;0;0;1;50;15;0;0;0;0;1
97224;97224;Saint-Joseph;4;Ceintures urbaines;16135;0,0;0,0;0,0;88,6;0,0;10,8;0,6;Martinique;Martinique;0;0;0;0;0;0;0;0;0;0;8;0;0;0;0;0;0;0;0;2;63;10;1;3;0;0;1
97228;97228;Sainte-Marie;4;Ceintures urbaines;14650;0,0;0,0;0,0;85,5;0,0;14,1;0,4;Martinique;Martinique;0;0;0;1;0;0;0;0;0;0;17;0;0;0;0;0;1;0;0;4;82;27;7;2;0;1;1
97229;97229;Schœlcher;1;Grands centres urbains;19341;72,3;0,0;0,0;25,3;0,0;2,2;0,3;Martinique;Martinique;1;10;0;1;0;0;0;0;0;0;20;3;1;2;3;1;0;2;3;5;105;40;3;3;2;2;9
97230;97230;La Trinité;4;Ceintures urbaines;11747;0,0;0,0;0,0;70,4;5,6;22,0;2,0;Martinique;Martinique;0;0;0;1;0;0;0;1;0;0;13;0;1;0;0;1;0;4;0;2;63;37;11;6;0;3;2
97305;97305;Macouria;5;Bourgs ruraux;18847;0,0;0,0;36,1;0,0;28,9;25,9;9,1;Guyane;Guyane;0;0;0;0;0;0;0;0;0;0;3;0;0;0;0;0;0;0;2;3;90;5;1;0;0;0;1
97306;97306;Mana;6;Rural à habitat dispersé;11764;0,0;0,0;0,0;0,0;39,7;42,6;17,8;Guyane;Guyane;0;0;0;1;0;1;0;0;0;0;3;0;0;0;0;0;0;0;0;0;4;4;1;0;0;0;0
97401;97401;Les Avirons;4;Ceintures urbaines;11434;0,0;0,0;0,0;96,4;0,0;3,4;0,2;La RÃ©union;La RÃ©union;0;0;0;1;0;0;0;1;0;0;11;0;0;0;0;0;0;0;0;2;21;32;9;1;0;0;2
97402;97402;Bras-Panon;2;Centres urbains intermédiaires;13344;0,0;63,4;0,0;27,3;0,0;8,0;1,3;La RÃ©union;La RÃ©union;0;0;0;1;0;0;0;1;0;0;14;1;0;0;0;1;0;0;0;2;21;19;8;0;0;1;3
97404;97404;L'Étang-Salé;2;Centres urbains intermédiaires;13836;0,0;41,4;0,0;33,1;14,3;10,2;1,0;La RÃ©union;La RÃ©union;0;0;0;1;0;0;0;1;0;0;17;0;0;2;1;0;1;1;0;3;50;41;11;4;0;1;2
97405;97405;Petite-Île;4;Ceintures urbaines;12617;0,0;0,0;0,0;85,8;0,0;13,9;0,3;La RÃ©union;La RÃ©union;1;1;0;5;0;0;0;1;0;0;13;0;0;0;0;0;1;0;0;2;36;28;10;1;0;0;2
97602;97602;Bandraboua;5;Bourgs ruraux;13989;0,0;0,0;21,4;0,0;70,4;7,6;0,7;Mayotte;Mayotte;2;13;1;8;6;0;0;0;6;9;0;0;0;0;0;0;0;0;0;3;5;4;0;0;0;0;0
97603;97603;Bandrele;5;Bourgs ruraux;10282;0,0;0,0;0,0;0,0;80,1;19,0;0,9;Mayotte;Mayotte;2;13;1;8;6;0;0;0;6;9;1;0;0;0;0;0;0;0;0;1;6;0;0;0;0;0;0
97607;97607;Dembeni;2;Centres urbains intermédiaires;15848;0,0;79,0;0,0;10,0;0,0;10,3;0,8;Mayotte;Mayotte;2;13;1;8;6;0;0;0;6;9;1;0;0;0;0;0;0;0;0;3;8;2;0;0;0;0;0
97608;97608;Dzaoudzi;2;Centres urbains intermédiaires;17831;0,0;96,8;0,0;2,4;0,0;0,3;0,5;Mayotte;Mayotte;2;13;1;8;6;0;0;0;6;9;3;0;0;0;0;0;0;0;0;3;6;3;0;0;0;0;0
97614;97614;Ouangani;3;Petites villes;10203;0,0;0,0;99,7;0,0;0,0;0,1;0,2;Mayotte;Mayotte;2;13;1;8;6;0;0;0;6;9;0;0;0;0;0;0;0;0;0;0;6;0;0;0;0;0;0
97615;97615;Pamandzi;2;Centres urbains intermédiaires;11442;0,0;87,7;0,0;12,0;0,0;0,0;0,3;Mayotte;Mayotte;2;13;1;8;6;0;0;0;6;9;3;0;0;0;0;0;0;0;0;1;10;2;0;0;0;0;1
97616;97616;Sada;2;Centres urbains intermédiaires;11156;0,0;82,3;0,0;11,8;0,0;5,7;0,2;Mayotte;Mayotte;2;13;1;8;6;0;0;0;6;9;3;0;0;0;0;0;0;0;0;2;8;3;0;0;0;0;0
97617;97617;Tsingoni;2;Centres urbains intermédiaires;13934;0,0;83,4;0,0;5,2;5,9;4,5;1,0;Mayotte;Mayotte;2;13;1;8;6;0;0;0;6;9;0;0;0;0;0;0;0;0;0;4;16;5;0;0;0;0;0
